name,id,nametype,recclass,mass,fall,year,reclat,reclong,geolocation/type,geolocation/coordinates/0,geolocation/coordinates/1,:@computed_region_cbhk_fwbd,:@computed_region_nnqa_25f4
Aachen,1,Valid,L5,21,Fell,1880-01-01T00:00:00.000,50.775,6.08333,Point,6.08333,50.775,,
Aarhus,2,Valid,H6,720,Fell,1951-01-01T00:00:00.000,56.18333,10.23333,Point,10.23333,56.18333,,
Abee,6,Valid,EH4,107000,Fell,1952-01-01T00:00:00.000,54.21667,-113,Point,-113,54.21667,,
Acapulco,10,Valid,Acapulcoite,1914,Fell,1976-01-01T00:00:00.000,16.88333,-99.9,Point,-99.9,16.88333,,
Achiras,370,Valid,L6,780,Fell,1902-01-01T00:00:00.000,-33.16667,-64.95,Point,-64.95,-33.16667,,
Adhi Kot,379,Valid,EH4,4239,Fell,1919-01-01T00:00:00.000,32.1,71.8,Point,71.8,32.1,,
Adzhi-Bogdo (stone),390,Valid,LL3-6,910,Fell,1949-01-01T00:00:00.000,44.83333,95.16667,Point,95.16667,44.83333,,
Agen,392,Valid,H5,30000,Fell,1814-01-01T00:00:00.000,44.21667,0.61667,Point,0.61667,44.21667,,
Aguada,398,Valid,L6,1620,Fell,1930-01-01T00:00:00.000,-31.6,-65.23333,Point,-65.23333,-31.6,,
Aguila Blanca,417,Valid,L,1440,Fell,1920-01-01T00:00:00.000,-30.86667,-64.55,Point,-64.55,-30.86667,,
Aioun el Atrouss,423,Valid,Diogenite-pm,1000,Fell,1974-01-01T00:00:00.000,16.39806,-9.57028,Point,-9.57028,16.39806,,
Aïr,424,Valid,L6,24000,Fell,1925-01-01T00:00:00.000,19.08333,8.38333,Point,8.38333,19.08333,,
Aire-sur-la-Lys,425,Valid,Unknown,0,Fell,1769-01-01T00:00:00.000,50.66667,2.33333,Point,2.33333,50.66667,,
Akaba,426,Valid,L6,779,Fell,1949-01-01T00:00:00.000,29.51667,35.05,Point,35.05,29.51667,,
Akbarpur,427,Valid,H4,1800,Fell,1838-01-01T00:00:00.000,29.71667,77.95,Point,77.95,29.71667,,
Akwanga,432,Valid,H,3000,Fell,1959-01-01T00:00:00.000,8.91667,8.43333,Point,8.43333,8.91667,,
Akyumak,433,Valid,"Iron, IVA",50000,Fell,1981-01-01T00:00:00.000,39.91667,42.81667,Point,42.81667,39.91667,,
Al Rais,446,Valid,CR2-an,160,Fell,1957-01-01T00:00:00.000,24.41667,39.51667,Point,39.51667,24.41667,,
Al Zarnkh,447,Valid,LL5,700,Fell,2001-01-01T00:00:00.000,13.66033,28.96,Point,28.96,13.66033,,
Alais,448,Valid,CI1,6000,Fell,1806-01-01T00:00:00.000,44.11667,4.08333,Point,4.08333,44.11667,,
Albareto,453,Valid,L/LL4,2000,Fell,1766-01-01T00:00:00.000,44.65,11.01667,Point,11.01667,44.65,,
Alberta,454,Valid,L,625,Fell,1949-01-01T00:00:00.000,2,22.66667,Point,22.66667,2,,
Alby sur Chéran,458,Valid,Eucrite-mmict,252,Fell,2002-01-01T00:00:00.000,45.82133,6.01533,Point,6.01533,45.82133,,
Aldsworth,461,Valid,LL5,700,Fell,1835-01-01T00:00:00.000,51.78333,-1.78333,Point,-1.78333,51.78333,,
Aleppo,462,Valid,L6,3200,Fell,1873-01-01T00:00:00.000,36.23333,37.13333,Point,37.13333,36.23333,,
Alessandria,463,Valid,H5,908,Fell,1860-01-01T00:00:00.000,44.88333,8.75,Point,8.75,44.88333,,
Alexandrovsky,465,Valid,H4,9251,Fell,1900-01-01T00:00:00.000,50.95,31.81667,Point,31.81667,50.95,,
Alfianello,466,Valid,L6,228000,Fell,1883-01-01T00:00:00.000,45.26667,10.15,Point,10.15,45.26667,,
Allegan,2276,Valid,H5,32000,Fell,1899-01-01T00:00:00.000,42.53333,-85.88333,Point,-85.88333,42.53333,50,429
Allende,2278,Valid,CV3,2000000,Fell,1969-01-01T00:00:00.000,26.96667,-105.31667,Point,-105.31667,26.96667,,
Almahata Sitta,48915,Valid,Ureilite-an,3950,Fell,2008-01-01T00:00:00.000,20.74575,32.41275,Point,32.41275,20.74575,,
Alta'ameem,2284,Valid,LL5,6000,Fell,1977-01-01T00:00:00.000,35.27333,44.21556,Point,44.21556,35.27333,,
Ambapur Nagla,2290,Valid,H5,6400,Fell,1895-01-01T00:00:00.000,27.66667,78.25,Point,78.25,27.66667,,
Andhara,2294,Valid,Stone-uncl,2700,Fell,1880-01-01T00:00:00.000,26.58333,85.56667,Point,85.56667,26.58333,,
Andover,2295,Valid,L6,3200,Fell,1898-01-01T00:00:00.000,44.61667,-70.75,Point,-70.75,44.61667,49,1723
Andreevka,2296,Valid,L3,600,Fell,1969-01-01T00:00:00.000,48.7,37.5,Point,37.5,48.7,,
Andura,2298,Valid,H6,17900,Fell,1939-01-01T00:00:00.000,20.88333,76.86667,Point,76.86667,20.88333,,
Northwest Africa 5815,50693,Valid,L5,256.8,Found,,0,0,Point,0,0,,
Angers,2301,Valid,L6,0,Fell,1822-01-01T00:00:00.000,47.46667,-0.55,Point,-0.55,47.46667,,
Angra dos Reis (stone),2302,Valid,Angrite,1500,Fell,1869-01-01T00:00:00.000,-22.96667,-44.31667,Point,-44.31667,-22.96667,,
Ankober,2304,Valid,H4,6500,Fell,1942-01-01T00:00:00.000,9.53333,39.71667,Point,39.71667,9.53333,,
Anlong,2305,Valid,H5,2500,Fell,1971-01-01T00:00:00.000,25.15,105.18333,Point,105.18333,25.15,,
Aomori,2313,Valid,L6,320,Fell,1984-01-01T00:00:00.000,40.81056,140.78556,Point,140.78556,40.81056,,
Appley Bridge,2318,Valid,LL6,15000,Fell,1914-01-01T00:00:00.000,53.58333,-2.71667,Point,-2.71667,53.58333,,
Apt,2320,Valid,L6,3200,Fell,1803-01-01T00:00:00.000,43.86667,5.38333,Point,5.38333,43.86667,,
Arbol Solo,2325,Valid,H5,810,Fell,1954-01-01T00:00:00.000,-33,-66,Point,-66,-33,,
Archie,2329,Valid,H6,5070,Fell,1932-01-01T00:00:00.000,38.5,-94.3,Point,-94.3,38.5,18,2697
Arroyo Aguiar,2340,Valid,H5,7450,Fell,1950-01-01T00:00:00.000,-31.41667,-60.66667,Point,-60.66667,-31.41667,,
Asco,2345,Valid,H6,41,Fell,1805-01-01T00:00:00.000,42.45,9.03333,Point,9.03333,42.45,,
Ash Creek,48954,Valid,L6,9500,Fell,2009-01-01T00:00:00.000,31.805,-97.01,Point,-97.01,31.805,23,774
Ashdon,2346,Valid,L6,1300,Fell,1923-01-01T00:00:00.000,52.05,0.3,Point,0.3,52.05,,
Assisi,2353,Valid,H5,2000,Fell,1886-01-01T00:00:00.000,43.03333,12.55,Point,12.55,43.03333,,
Atarra,4883,Valid,L4,1280,Fell,1920-01-01T00:00:00.000,25.25417,80.625,Point,80.625,25.25417,,
Atemajac,4884,Valid,L6,94.2,Fell,1896-01-01T00:00:00.000,20.06667,-103.66667,Point,-103.66667,20.06667,,
Athens,4885,Valid,LL6,265,Fell,1933-01-01T00:00:00.000,34.75,-87,Point,-87,34.75,29,3134
Atoka,4888,Valid,L6,1384.2,Fell,1945-01-01T00:00:00.000,34.31667,-96.15,Point,-96.15,34.31667,20,602
Aubres,4893,Valid,Aubrite,800,Fell,1836-01-01T00:00:00.000,44.38333,5.16667,Point,5.16667,44.38333,,
Aumale,4899,Valid,L6,50000,Fell,1865-01-01T00:00:00.000,36.16667,3.66667,Point,3.66667,36.16667,,
Aumieres,4900,Valid,L6,2000,Fell,1842-01-01T00:00:00.000,44.33333,3.23333,Point,3.23333,44.33333,,
Ausson,4903,Valid,L5,50000,Fell,1858-01-01T00:00:00.000,43.08333,0.58333,Point,0.58333,43.08333,,
Avanhandava,4905,Valid,H4,9330,Fell,1952-01-01T00:00:00.000,-21.46028,-49.95083,Point,-49.95083,-21.46028,,
Avce,4906,Valid,"Iron, IIAB",1230,Fell,1908-01-01T00:00:00.000,46,13.5,Point,13.5,46,,
Avilez,4907,Valid,H,146,Fell,1855-01-01T00:00:00.000,25,-103.5,Point,-103.5,25,,
Awere,4910,Valid,L4,134,Fell,1968-01-01T00:00:00.000,2.71667,32.83333,Point,32.83333,2.71667,,
Aztec,4913,Valid,L6,2830,Fell,1938-01-01T00:00:00.000,36.8,-108,Point,-108,36.8,11,1989
Bachmut,4917,Valid,L6,18000,Fell,1814-01-01T00:00:00.000,48.6,38,Point,38,48.6,,
Bahjoi,4922,Valid,"Iron, IAB-sLL",10322,Fell,1934-01-01T00:00:00.000,28.48333,78.5,Point,78.5,28.48333,,
Bald Mountain,4925,Valid,L4,3700,Fell,1929-01-01T00:00:00.000,35.96667,-82.48333,Point,-82.48333,35.96667,37,2373
Baldwyn,4926,Valid,L6,345,Fell,1922-01-01T00:00:00.000,34.5,-88.66667,Point,-88.66667,34.5,32,495
Bali,4928,Valid,CV3,1000,Fell,1907-01-01T00:00:00.000,5.38333,16.38333,Point,16.38333,5.38333,,
Ban Rong Du,4934,Valid,"Iron, ungrouped",16700,Fell,1993-01-01T00:00:00.000,16.66667,101.18333,Point,101.18333,16.66667,,
Bandong,4935,Valid,LL6,11500,Fell,1871-01-01T00:00:00.000,-6.91667,107.6,Point,107.6,-6.91667,,
Bansur,4936,Valid,L6,15000,Fell,1892-01-01T00:00:00.000,27.7,76.33333,Point,76.33333,27.7,,
Banswal,4937,Valid,L5,14,Fell,1913-01-01T00:00:00.000,30.4,78.2,Point,78.2,30.4,,
Banten,4938,Valid,CM2,629,Fell,1933-01-01T00:00:00.000,-6.33333,106,Point,106,-6.33333,,
Barbotan,4942,Valid,H5,6400,Fell,1790-01-01T00:00:00.000,43.95,-0.05,Point,-0.05,43.95,,
Barcelona (stone),4944,Valid,OC,0,Fell,1704-01-01T00:00:00.000,41.36667,2.16667,Point,2.16667,41.36667,,
Barea,4946,Valid,Mesosiderite-A1,3200,Fell,1842-01-01T00:00:00.000,42.38333,-2.5,Point,-2.5,42.38333,,
Barnaul,4947,Valid,H5,23.2,Fell,1904-01-01T00:00:00.000,52.73333,84.08333,Point,84.08333,52.73333,,
Barntrup,4948,Valid,LL4,17,Fell,1886-01-01T00:00:00.000,52,9.1,Point,9.1,52,,
Baroti,4949,Valid,L6,4500,Fell,1910-01-01T00:00:00.000,31.61667,76.8,Point,76.8,31.61667,,
Barwell,4954,Valid,L5,44000,Fell,1965-01-01T00:00:00.000,52.56528,-1.33972,Point,-1.33972,52.56528,,
Bassikounou,44876,Valid,H5,29560,Fell,2006-01-01T00:00:00.000,15.78333,-5.9,Point,-5.9,15.78333,,
Baszkówka,4957,Valid,L5,15500,Fell,1994-01-01T00:00:00.000,52.03333,20.93583,Point,20.93583,52.03333,,
Bath,4974,Valid,H4,21000,Fell,1892-01-01T00:00:00.000,45.41667,-98.31667,Point,-98.31667,45.41667,21,662
Bath Furnace,4975,Valid,L6,86000,Fell,1902-01-01T00:00:00.000,38.25,-83.75,Point,-83.75,38.25,36,1921
Battle Mountain,56133,Valid,L6,2900,Fell,2012-01-01T00:00:00.000,40.66813,-117.18913,Point,-117.18913,40.66813,10,2397
Bawku,4976,Valid,LL5,1557,Fell,1989-01-01T00:00:00.000,11.08333,-0.18333,Point,-0.18333,11.08333,,
Baxter,4977,Valid,L6,611,Fell,1916-01-01T00:00:00.000,36.75,-93.5,Point,-93.5,36.75,18,2216
Beardsley,4984,Valid,H5,16000,Fell,1929-01-01T00:00:00.000,39.8,-101.2,Point,-101.2,39.8,17,1285
Beaver Creek,4986,Valid,H5,14000,Fell,1893-01-01T00:00:00.000,51.16667,-117.33333,Point,-117.33333,51.16667,,
Beddgelert,4993,Valid,H5,794,Fell,1949-01-01T00:00:00.000,53.01667,-4.1,Point,-4.1,53.01667,,
Bells,5005,Valid,C2-ung,375,Fell,1961-01-01T00:00:00.000,33.6,-96.46667,Point,-96.46667,33.6,23,1978
Belville,5009,Valid,OC,0,Fell,1937-01-01T00:00:00.000,-32.33333,-64.86667,Point,-64.86667,-32.33333,,
Benares (a),5011,Valid,LL4,3700,Fell,1798-01-01T00:00:00.000,25.36667,82.91667,Point,82.91667,25.36667,,
Benguerir,30443,Valid,LL6,25000,Fell,2004-01-01T00:00:00.000,32.25,-8.15,Point,-8.15,32.25,,
Beni M'hira,5018,Valid,L6,19000,Fell,2001-01-01T00:00:00.000,32.86667,10.8,Point,10.8,32.86667,,
Benld,5021,Valid,H6,1770.5,Fell,1938-01-01T00:00:00.000,39.08333,-89.15,Point,-89.15,39.08333,34,1869
Benoni,5023,Valid,H6,3880,Fell,1943-01-01T00:00:00.000,-26.16667,28.41667,Point,28.41667,-26.16667,,
Bensour,5024,Valid,LL6,45000,Fell,2002-01-01T00:00:00.000,30,-7,Point,-7,30,,
Benton,5026,Valid,LL6,2840,Fell,1949-01-01T00:00:00.000,45.95,-67.55,Point,-67.55,45.95,,
Berduc,48975,Valid,L6,270,Fell,2008-01-01T00:00:00.000,-31.91,-58.32833,Point,-58.32833,-31.91,,
Béréba,5028,Valid,Eucrite-mmict,18000,Fell,1924-01-01T00:00:00.000,11.65,-3.65,Point,-3.65,11.65,,
Berlanguillas,5029,Valid,L6,1440,Fell,1811-01-01T00:00:00.000,41.68333,-3.8,Point,-3.8,41.68333,,
Berthoud,47355,Valid,Eucrite-mmict,960,Fell,2004-01-01T00:00:00.000,40.30583,-105.02325,Point,-105.02325,40.30583,9,1072
Bethlehem,5032,Valid,H,13.9,Fell,1859-01-01T00:00:00.000,42.53333,-73.83333,Point,-73.83333,42.53333,47,2030
Beuste,5034,Valid,L5,2000,Fell,1859-01-01T00:00:00.000,43.21667,-0.23333,Point,-0.23333,43.21667,,
Beyrout,5035,Valid,LL3.8,1100,Fell,1921-01-01T00:00:00.000,33.88333,35.5,Point,35.5,33.88333,,
Bhagur,5037,Valid,L6,18,Fell,1877-01-01T00:00:00.000,20.88333,74.83333,Point,74.83333,20.88333,,
Bhawad,36591,Valid,LL6,678,Fell,2002-01-01T00:00:00.000,26.50833,73.11528,Point,73.11528,26.50833,,
Bherai,5039,Valid,L6,100,Fell,1893-01-01T00:00:00.000,20.83333,71.46667,Point,71.46667,20.83333,,
Bhola,5040,Valid,LL3-6,1047,Fell,1940-01-01T00:00:00.000,22.68333,90.65,Point,90.65,22.68333,,
Bholghati,5041,Valid,Howardite,2500,Fell,1905-01-01T00:00:00.000,22.08333,86.9,Point,86.9,22.08333,,
Bialystok,5042,Valid,Eucrite-pmict,4000,Fell,1827-01-01T00:00:00.000,53.1,23.2,Point,23.2,53.1,,
Bielokrynitschie,5043,Valid,H4,1900,Fell,1887-01-01T00:00:00.000,50.13333,27.16667,Point,27.16667,50.13333,,
Bilanga,5045,Valid,Diogenite,25000,Fell,1999-01-01T00:00:00.000,12.45,-0.08333,Point,-0.08333,12.45,,
Binningup,5051,Valid,H5,488.1,Fell,1984-01-01T00:00:00.000,-33.15639,115.67639,Point,115.67639,-33.15639,,
Birni N'konni,5056,Valid,H4,560,Fell,1923-01-01T00:00:00.000,13.76667,5.3,Point,5.3,13.76667,,
Bishopville,5059,Valid,Aubrite,6000,Fell,1843-01-01T00:00:00.000,34.16667,-80.28333,Point,-80.28333,34.16667,33,657
Bishunpur,5060,Valid,LL3.15,1039,Fell,1895-01-01T00:00:00.000,25.38333,82.6,Point,82.6,25.38333,,
Bjelaja Zerkov,5063,Valid,H6,1850,Fell,1796-01-01T00:00:00.000,49.78333,30.16667,Point,30.16667,49.78333,,
Bjurböle,5064,Valid,L/LL4,330000,Fell,1899-01-01T00:00:00.000,60.4,25.8,Point,25.8,60.4,,
Black Moshannan Park,5065,Valid,L5,705,Fell,1941-01-01T00:00:00.000,40.91667,-78.08333,Point,-78.08333,40.91667,48,2495
Blackwell,5068,Valid,L5,2381,Fell,1906-01-01T00:00:00.000,36.83333,-97.33333,Point,-97.33333,36.83333,20,2164
Blanket,5071,Valid,L6,5100,Fell,1909-01-01T00:00:00.000,31.83333,-98.83333,Point,-98.83333,31.83333,23,3063
Blansko,5072,Valid,H6,470,Fell,1833-01-01T00:00:00.000,49.36667,16.63333,Point,16.63333,49.36667,,
Bloomington,5076,Valid,LL6,67.8,Fell,1938-01-01T00:00:00.000,40.48,-89.00417,Point,-89.00417,40.48,34,1795
Bo Xian,5090,Valid,LL3.9,7500,Fell,1977-01-01T00:00:00.000,33.83333,115.83333,Point,115.83333,33.83333,,
Bocas,5093,Valid,L6,56,Fell,1804-01-01T00:00:00.000,23,-102,Point,-102,23,,
Bogou,5097,Valid,"Iron, IAB-MG",8800,Fell,1962-01-01T00:00:00.000,12.5,0.7,Point,0.7,12.5,,
Boguslavka,5098,Valid,"Iron, IIAB",256000,Fell,1916-01-01T00:00:00.000,44.55,131.63333,Point,131.63333,44.55,,
Borgo San Donino,5110,Valid,LL6,1676,Fell,1808-01-01T00:00:00.000,44.86667,10.05,Point,10.05,44.86667,,
Bori,5111,Valid,L6,8600,Fell,1894-01-01T00:00:00.000,21.95,78.03333,Point,78.03333,21.95,,
Boriskino,5112,Valid,CM2,1342,Fell,1930-01-01T00:00:00.000,54.23333,52.48333,Point,52.48333,54.23333,,
Borkut,5113,Valid,L5,7000,Fell,1852-01-01T00:00:00.000,48.15,24.28333,Point,24.28333,48.15,,
Borodino,5114,Valid,H5,500,Fell,1812-01-01T00:00:00.000,55.46667,35.86667,Point,35.86667,55.46667,,
Botschetschki,5117,Valid,L4,614,Fell,1823-01-01T00:00:00.000,51.33333,33.88333,Point,33.88333,51.33333,,
Boumdeid (2003),57168,Valid,L6,190,Fell,2003-01-01T00:00:00.000,17.71067,-11.3715,Point,-11.3715,17.71067,,
Boumdeid (2011),57167,Valid,L6,3599,Fell,2011-01-01T00:00:00.000,17.17493,-11.34133,Point,-11.34133,17.17493,,
Bovedy,5121,Valid,L3,5460,Fell,1969-01-01T00:00:00.000,54.56667,-6.33333,Point,-6.33333,54.56667,,
Bradford Woods,5128,Valid,L,762,Fell,1886-01-01T00:00:00.000,40.5,-80.08333,Point,-80.08333,40.5,48,2455
Braunau,5133,Valid,"Iron, IIAB",39000,Fell,1847-01-01T00:00:00.000,50.6,16.3,Point,16.3,50.6,,
Breitscheid,5134,Valid,H5,1500,Fell,1956-01-01T00:00:00.000,50.66694,8.18361,Point,8.18361,50.66694,,
Bremervörde,5135,Valid,H/L3.9,7250,Fell,1855-01-01T00:00:00.000,53.4,9.1,Point,9.1,53.4,,
Brient,5140,Valid,Eucrite-pmict,219,Fell,1933-01-01T00:00:00.000,52.13333,59.31667,Point,59.31667,52.13333,,
Bruderheim,5156,Valid,L6,303000,Fell,1960-01-01T00:00:00.000,53.9,-112.88333,Point,-112.88333,53.9,,
Bukhara,30448,Valid,CV3,5300,Fell,2001-01-01T00:00:00.000,39.77978,64.60035,Point,64.60035,39.77978,,
Bulls Run,5163,Valid,Iron?,2250,Fell,1964-01-01T00:00:00.000,,,,,,,
Bunburra Rockhole,48653,Valid,Eucrite,324,Fell,2007-01-01T00:00:00.000,-31.35,129.19,Point,129.19,-31.35,,
Bununu,5165,Valid,Howardite,357,Fell,1942-01-01T00:00:00.000,10.01667,9.58333,Point,9.58333,10.01667,,
Bur-Gheluai,5169,Valid,H5,120000,Fell,1919-01-01T00:00:00.000,5,48,Point,48,5,,
Burnwell,5175,Valid,H4-an,1504,Fell,1990-01-01T00:00:00.000,37.62194,-82.23722,Point,-82.23722,37.62194,36,256
Bursa,5177,Valid,L6,25000,Fell,1946-01-01T00:00:00.000,40.2,29.23333,Point,29.23333,40.2,,
Buschhof,5178,Valid,L6,5000,Fell,1863-01-01T00:00:00.000,46.45,25.78333,Point,25.78333,46.45,,
Bustee,5181,Valid,Aubrite,1500,Fell,1852-01-01T00:00:00.000,26.78333,82.83333,Point,82.83333,26.78333,,
Butsura,5183,Valid,H6,29000,Fell,1861-01-01T00:00:00.000,27.08333,84.08333,Point,84.08333,27.08333,,
Buzzard Coulee,48654,Valid,H4,41000,Fell,2008-01-01T00:00:00.000,52.996,-109.84817,Point,-109.84817,52.996,,
Cabezo de Mayo,5185,Valid,L/LL6,25000,Fell,1870-01-01T00:00:00.000,37.98333,-1.16667,Point,-1.16667,37.98333,,
Cabin Creek,5186,Valid,"Iron, IIIAB",48500,Fell,1886-01-01T00:00:00.000,35.5,-93.5,Point,-93.5,35.5,15,1029
Cacak,5187,Valid,OC,212,Fell,1919-01-01T00:00:00.000,43.83889,20.33333,Point,20.33333,43.83889,,
Cali,45976,Valid,H/L4,478,Fell,2007-01-01T00:00:00.000,3.405,-76.51,Point,-76.51,3.405,,
Calivo,5200,Valid,Stone-uncl,2400,Fell,1916-01-01T00:00:00.000,11.75,122.33333,Point,122.33333,11.75,,
Campos Sales,5249,Valid,L5,23680,Fell,1991-01-01T00:00:00.000,-7.03333,-40.16667,Point,-40.16667,-7.03333,,
Çanakkale,5250,Valid,L6,4000,Fell,1964-01-01T00:00:00.000,39.8,26.6,Point,26.6,39.8,,
Cañellas,5251,Valid,H4,945,Fell,1861-01-01T00:00:00.000,41.25,1.66667,Point,1.66667,41.25,,
Cangas de Onis,5252,Valid,H5,34000,Fell,1866-01-01T00:00:00.000,43.38333,-5.15,Point,-5.15,43.38333,,
Canon City,5253,Valid,H6,1400,Fell,1973-01-01T00:00:00.000,38.47028,-105.24139,Point,-105.24139,38.47028,9,1448
Cape Girardeau,5260,Valid,H6,2300,Fell,1846-01-01T00:00:00.000,37.26667,-89.58333,Point,-89.58333,37.26667,18,2695
Capilla del Monte,5264,Valid,H6,750,Fell,1934-01-01T00:00:00.000,-30.88333,-64.55,Point,-64.55,-30.88333,,
Carancas,45817,Valid,H4-5,342,Fell,2007-01-01T00:00:00.000,-16.66444,-69.04389,Point,-69.04389,-16.66444,,
Caratash,5265,Valid,LL6,8,Fell,1902-01-01T00:00:00.000,38.5,27,Point,27,38.5,,
Castalia,5291,Valid,H5,7300,Fell,1874-01-01T00:00:00.000,36.08333,-78.06667,Point,-78.06667,36.08333,37,648
Castel Berardenga,5292,Valid,Stone-uncl,0,Fell,1791-01-01T00:00:00.000,43.35,11.5,Point,11.5,43.35,,
Castine,5293,Valid,L6,94,Fell,1848-01-01T00:00:00.000,44.38333,-68.75,Point,-68.75,44.38333,49,414
Castrovillari,5295,Valid,Stone-uncl,15000,Fell,1583-01-01T00:00:00.000,39.8,16.2,Point,16.2,39.8,,
Caswell County,5296,Valid,OC,1360,Fell,1810-01-01T00:00:00.000,36.5,-79.25,Point,-79.25,36.5,37,637
Ceniceros,5306,Valid,L3.7,1025,Fell,1988-01-01T00:00:00.000,26.46667,-105.23333,Point,-105.23333,26.46667,,
Centerville,5307,Valid,H5,45.6,Fell,1956-01-01T00:00:00.000,43.2,-96.91667,Point,-96.91667,43.2,21,2684
Cereseto,5308,Valid,H5,6460,Fell,1840-01-01T00:00:00.000,45.08333,8.3,Point,8.3,45.08333,,
Chadong,5313,Valid,L6,3700,Fell,1998-01-01T00:00:00.000,28.53333,109.31667,Point,109.31667,28.53333,,
Chail,5314,Valid,H6,0.5,Fell,1814-01-01T00:00:00.000,25.36667,81.66667,Point,81.66667,25.36667,,
Chainpur,5315,Valid,LL3.4,8200,Fell,1907-01-01T00:00:00.000,25.85,83.48333,Point,83.48333,25.85,,
Chajari,5316,Valid,L5,18300,Fell,1933-01-01T00:00:00.000,-30.78333,-58.05,Point,-58.05,-30.78333,,
Chandakapur,5320,Valid,L5,8800,Fell,1838-01-01T00:00:00.000,20.26667,76.01667,Point,76.01667,20.26667,,
Chandpur,5321,Valid,L6,1100,Fell,1885-01-01T00:00:00.000,27.28333,79.05,Point,79.05,27.28333,,
Changde,5322,Valid,H5,1810,Fell,1977-01-01T00:00:00.000,29.08333,111.75,Point,111.75,29.08333,,
Chantonnay,5325,Valid,L6,31500,Fell,1812-01-01T00:00:00.000,46.68333,1.05,Point,1.05,46.68333,,
Charlotte,5328,Valid,"Iron, IVA",4300,Fell,1835-01-01T00:00:00.000,36.16667,-87.33333,Point,-87.33333,36.16667,39,2007
Charsonville,5329,Valid,H6,27000,Fell,1810-01-01T00:00:00.000,47.93333,1.56667,Point,1.56667,47.93333,,
Charwallas,5330,Valid,H6,12000,Fell,1834-01-01T00:00:00.000,29.48333,75.5,Point,75.5,29.48333,,
Chassigny,5331,Valid,Martian (chassignite),4000,Fell,1815-01-01T00:00:00.000,47.71667,5.36667,Point,5.36667,47.71667,,
Château-Renard,5332,Valid,L6,30000,Fell,1841-01-01T00:00:00.000,47.93333,2.91667,Point,2.91667,47.93333,,
Chaves,5334,Valid,Howardite,2945,Fell,1925-01-01T00:00:00.000,41.93333,-7.46667,Point,-7.46667,41.93333,,
Chela,5338,Valid,H4,2936,Fell,1988-01-01T00:00:00.000,-3.66667,32.5,Point,32.5,-3.66667,,
Chelyabinsk,57165,Valid,LL5,100000,Fell,2013-01-01T00:00:00.000,54.81667,61.11667,Point,61.11667,54.81667,,
Chergach ,47347,Valid,H5,100000,Fell,2007-01-01T00:00:00.000,23.69639,-5.01472,Point,-5.01472,23.69639,,
Chernyi Bor,5339,Valid,H4,6000,Fell,1964-01-01T00:00:00.000,53.7,30.1,Point,30.1,53.7,,
Cherokee Springs,5340,Valid,LL6,8400,Fell,1933-01-01T00:00:00.000,35.03333,-81.88333,Point,-81.88333,35.03333,33,2582
Chervettaz,5341,Valid,L5,705,Fell,1901-01-01T00:00:00.000,46.55,6.81667,Point,6.81667,46.55,,
Chervony Kut,5342,Valid,Eucrite-mmict,1700,Fell,1939-01-01T00:00:00.000,50.83333,34,Point,34,50.83333,,
Chetrinahatti,5344,Valid,Stone-uncl,72,Fell,1880-01-01T00:00:00.000,14.5,76.5,Point,76.5,14.5,,
Chiang Khan,5345,Valid,H6,367,Fell,1981-01-01T00:00:00.000,17.9,101.63333,Point,101.63333,17.9,,
Chicora,5349,Valid,LL6,303,Fell,1938-01-01T00:00:00.000,40.93333,-79.73333,Point,-79.73333,40.93333,48,2459
Chisenga,5355,Valid,"Iron, IIIAB",3920,Fell,1988-01-01T00:00:00.000,-10.05944,33.395,Point,33.395,-10.05944,,
Chitado,5356,Valid,L6,0,Fell,1966-01-01T00:00:00.000,-17.35,13.96667,Point,13.96667,-17.35,,
Chitenay,5357,Valid,L6,4000,Fell,1978-01-01T00:00:00.000,47.47083,0.97667,Point,0.97667,47.47083,,
Cilimus,5364,Valid,L5,1600,Fell,1979-01-01T00:00:00.000,-6.95,108.1,Point,108.1,-6.95,,
Claxton,5374,Valid,L6,1455,Fell,1984-01-01T00:00:00.000,32.1025,-81.87278,Point,-81.87278,32.1025,31,67
Clohars,5383,Valid,L4,48.6,Fell,1822-01-01T00:00:00.000,,,,,,,
Colby (Wisconsin),5395,Valid,L6,104000,Fell,1917-01-01T00:00:00.000,44.9,-90.28333,Point,-90.28333,44.9,41,877
Cold Bokkeveld,5397,Valid,CM2,5200,Fell,1838-01-01T00:00:00.000,-33.13333,19.38333,Point,19.38333,-33.13333,,
Coleman,5401,Valid,L6,469,Fell,1994-01-01T00:00:00.000,43.76111,-84.50778,Point,-84.50778,43.76111,50,356
Collescipoli,5403,Valid,H5,5000,Fell,1890-01-01T00:00:00.000,42.53333,12.61667,Point,12.61667,42.53333,,
Conquista,5418,Valid,H4,20350,Fell,1965-01-01T00:00:00.000,-19.85,-47.55,Point,-47.55,-19.85,,
Cosina,5451,Valid,H5,1200,Fell,1844-01-01T00:00:00.000,21.16667,-100.86667,Point,-100.86667,21.16667,,
Cranganore,5465,Valid,L6,1460,Fell,1917-01-01T00:00:00.000,10.2,76.26667,Point,76.26667,10.2,,
Crescent,5470,Valid,CM2,78.4,Fell,1936-01-01T00:00:00.000,35.95,-97.58333,Point,-97.58333,35.95,20,2201
Cronstad,5474,Valid,H5,3650,Fell,1877-01-01T00:00:00.000,-27.7,27.3,Point,27.3,-27.7,,
Cross Roads,5476,Valid,H5,167,Fell,1892-01-01T00:00:00.000,35.63333,-78.13333,Point,-78.13333,35.63333,37,2332
Crumlin,5477,Valid,L5,4255,Fell,1902-01-01T00:00:00.000,54.61667,-6.21667,Point,-6.21667,54.61667,,
Cumberland Falls,5496,Valid,Aubrite,17000,Fell,1919-01-01T00:00:00.000,36.83333,-84.35,Point,-84.35,36.83333,36,1426
Cynthiana,5500,Valid,L/LL4,6000,Fell,1877-01-01T00:00:00.000,38.4,-84.25,Point,-84.25,38.4,36,244
Dahmani,5504,Valid,LL6,18000,Fell,1981-01-01T00:00:00.000,35.61667,8.83333,Point,8.83333,35.61667,,
Dandapur,5511,Valid,L6,5650,Fell,1878-01-01T00:00:00.000,26.91667,83.96667,Point,83.96667,26.91667,,
Daniel's Kuil,5513,Valid,EL6,1064,Fell,1868-01-01T00:00:00.000,-28.2,24.56667,Point,24.56667,-28.2,,
Danville,5514,Valid,L6,2000,Fell,1868-01-01T00:00:00.000,34.4,-87.06667,Point,-87.06667,34.4,29,103
Darmstadt,6603,Valid,H5,100,Fell,1804-01-01T00:00:00.000,49.86667,8.65,Point,8.65,49.86667,,
Dashoguz,6604,Valid,H5,7000,Fell,1998-01-01T00:00:00.000,41.98444,59.685,Point,59.685,41.98444,,
Daule,51559,Valid,L5,6580,Fell,2008-01-01T00:00:00.000,-1.87089,-79.95756,Point,-79.95756,-1.87089,,
De Cewsville,6621,Valid,H6,340,Fell,1887-01-01T00:00:00.000,43,-80,Point,-80,43,,
Deal,6634,Valid,L6,28,Fell,1829-01-01T00:00:00.000,40.25,-74,Point,-74,40.25,,2491
Delhi,6642,Valid,L5,0.8,Fell,1897-01-01T00:00:00.000,28.56667,77.25,Point,77.25,28.56667,,
Demina,6649,Valid,L6,16400,Fell,1911-01-01T00:00:00.000,51.46667,84.76667,Point,84.76667,51.46667,,
Denver,6660,Valid,L6,230,Fell,1967-01-01T00:00:00.000,39.7825,-104.93056,Point,-104.93056,39.7825,9,1444
Dergaon,6664,Valid,H5,12500,Fell,2001-01-01T00:00:00.000,26.68333,93.86667,Point,93.86667,26.68333,,
Desuri,6693,Valid,H6,25400,Fell,1962-01-01T00:00:00.000,25.73333,73.61667,Point,73.61667,25.73333,,
Devgaon,6694,Valid,H3.8,12000,Fell,2001-01-01T00:00:00.000,19,81,Point,81,19,,
Devri-Khera,6696,Valid,L6,1140,Fell,1994-01-01T00:00:00.000,24.225,76.525,Point,76.525,24.225,,
Dhajala,6698,Valid,H3.8,45000,Fell,1976-01-01T00:00:00.000,22.37778,71.42722,Point,71.42722,22.37778,,
Dharwar,6699,Valid,OC,1800,Fell,1848-01-01T00:00:00.000,14.88333,75.6,Point,75.6,14.88333,,
Dhurmsala,7640,Valid,LL6,32000,Fell,1860-01-01T00:00:00.000,32.23333,76.46667,Point,76.46667,32.23333,,
Didim,47350,Valid,H3-5,3396,Fell,2007-01-01T00:00:00.000,37.35172,27.32997,Point,27.32997,37.35172,,
Diep River,7642,Valid,L6,1000,Fell,1906-01-01T00:00:00.000,-33.75,18.56667,Point,18.56667,-33.75,,
Distrito Quebracho,7649,Valid,H4,400,Fell,1957-01-01T00:00:00.000,-31.88333,-60.46667,Point,-60.46667,-31.88333,,
Djati-Pengilon,7652,Valid,H6,166000,Fell,1884-01-01T00:00:00.000,-7.5,111.5,Point,111.5,-7.5,,
Djermaia,7656,Valid,H,3950,Fell,1961-01-01T00:00:00.000,12.73333,15.05,Point,15.05,12.73333,,
Djoumine,7657,Valid,H5-6,10000,Fell,1999-01-01T00:00:00.000,36.95,9.55,Point,9.55,36.95,,
Dokachi,7658,Valid,H5,3840,Fell,1903-01-01T00:00:00.000,23.5,90.33333,Point,90.33333,23.5,,
Dolgovoli,7659,Valid,L6,1600,Fell,1864-01-01T00:00:00.000,50.75,25.3,Point,25.3,50.75,,
Domanitch,7661,Valid,L5,438,Fell,1907-01-01T00:00:00.000,40,29,Point,29,40,,
Dong Ujimqin Qi,7706,Valid,Mesosiderite,128800,Fell,1995-01-01T00:00:00.000,45.5,119.03333,Point,119.03333,45.5,,
Donga Kohrod,7707,Valid,H6,230,Fell,1899-01-01T00:00:00.000,21.86667,82.45,Point,82.45,21.86667,,
Dongtai,7708,Valid,LL6,5500,Fell,1970-01-01T00:00:00.000,32.91667,120.78333,Point,120.78333,32.91667,,
Doroninsk,7718,Valid,H5-7,3891,Fell,1805-01-01T00:00:00.000,51.2,112.3,Point,112.3,51.2,,
Dosso,7722,Valid,L6,1250,Fell,1962-01-01T00:00:00.000,13.05,3.16667,Point,3.16667,13.05,,
Douar Mghila,7723,Valid,LL6,1161,Fell,1932-01-01T00:00:00.000,32.33333,-6.3,Point,-6.3,32.33333,,
Dowa,7725,Valid,Stone-uncl,642,Fell,1976-01-01T00:00:00.000,-13.66667,33.91667,Point,33.91667,-13.66667,,
Drake Creek,7728,Valid,L6,5000,Fell,1827-01-01T00:00:00.000,36.4,-86.5,Point,-86.5,36.4,39,2115
Dresden (Ontario),7731,Valid,H6,47700,Fell,1939-01-01T00:00:00.000,42.52,-82.26,Point,-82.26,42.52,,
Dubrovnik,7736,Valid,L3-6,1900,Fell,1951-01-01T00:00:00.000,42.45833,18.44167,Point,18.44167,42.45833,,
Dunbogan,7743,Valid,L6,30,Fell,1999-01-01T00:00:00.000,-31.66667,152.83333,Point,152.83333,-31.66667,,
Dundrum,7745,Valid,H5,2270,Fell,1865-01-01T00:00:00.000,52.55,-8.03333,Point,-8.03333,52.55,,
Dunhua,7749,Valid,Stone-uncl,0,Fell,1976-01-01T00:00:00.000,43.33333,128.25,Point,128.25,43.33333,,
Durala,7750,Valid,L6,13200,Fell,1815-01-01T00:00:00.000,30.3,76.63333,Point,76.63333,30.3,,
Duruma,7752,Valid,L6,577,Fell,1853-01-01T00:00:00.000,-4,39.5,Point,39.5,-4,,
Duwun,7754,Valid,L6,2117,Fell,1943-01-01T00:00:00.000,33.43333,127.26667,Point,127.26667,33.43333,,
Dwaleni,7755,Valid,H4-6,3230,Fell,1970-01-01T00:00:00.000,-27.2,31.31667,Point,31.31667,-27.2,,
Dyalpur,7757,Valid,Ureilite,300,Fell,1872-01-01T00:00:00.000,26.25,82,Point,82,26.25,,
Dyarrl Island,7758,Valid,Mesosiderite-A1,188,Fell,1933-01-01T00:00:00.000,-3,151,Point,151,-3,,
Eagle,7760,Valid,EL6,10000,Fell,1947-01-01T00:00:00.000,40.78167,-96.47167,Point,-96.47167,40.78167,19,462
Ehole,7774,Valid,H5,2400,Fell,1961-01-01T00:00:00.000,-17.3,15.83333,Point,15.83333,-17.3,,
Eichstädt,7775,Valid,H5,3000,Fell,1785-01-01T00:00:00.000,48.9,11.21667,Point,11.21667,48.9,,
Ekeby,7776,Valid,H4,3336,Fell,1939-01-01T00:00:00.000,56.03333,13,Point,13,56.03333,,
Ekh Khera,7777,Valid,H6,840,Fell,1916-01-01T00:00:00.000,28.26667,78.78333,Point,78.78333,28.26667,,
El Idrissia,7807,Valid,L6,10000,Fell,1989-01-01T00:00:00.000,34.41667,3.25,Point,3.25,34.41667,,
El Paso de Aguila,45977,Valid,H5,17226,Fell,1977-01-01T00:00:00.000,25.37,-97.37,Point,-97.37,25.37,,
El Tigre,7819,Valid,L6,5000,Fell,1993-01-01T00:00:00.000,19.96722,-103.05167,Point,-103.05167,19.96722,,
Elbert,7822,Valid,LL6,680.5,Fell,1998-01-01T00:00:00.000,39.24667,-104.58817,Point,-104.58817,39.24667,9,88
Elbogen,7823,Valid,"Iron, IID",107000,Fell,1400-01-01T00:00:00.000,50.18333,12.73333,Point,12.73333,50.18333,,
Elenovka,7824,Valid,L5,54640,Fell,1951-01-01T00:00:00.000,47.83333,37.66667,Point,37.66667,47.83333,,
Ellemeet,10019,Valid,Diogenite,1470,Fell,1925-01-01T00:00:00.000,51.75,4,Point,4,51.75,,
Emmaville,10033,Valid,Eucrite-mmict,127,Fell,1900-01-01T00:00:00.000,-29.46667,151.61667,Point,151.61667,-29.46667,,
Enshi,10038,Valid,H5,8000,Fell,1974-01-01T00:00:00.000,30.3,109.5,Point,109.5,30.3,,
Ensisheim,10039,Valid,LL6,127000,Fell,1492-01-01T00:00:00.000,47.86667,7.35,Point,7.35,47.86667,,
Épinal,10041,Valid,H5,277,Fell,1822-01-01T00:00:00.000,48.18333,6.46667,Point,6.46667,48.18333,,
Erakot,10042,Valid,CM2,113,Fell,1940-01-01T00:00:00.000,19.03333,81.89167,Point,81.89167,19.03333,,
Erevan,10043,Valid,Howardite,107.2,Fell,1911-01-01T00:00:00.000,40.3,44.5,Point,44.5,40.3,,
Ergheo,10044,Valid,L5,20000,Fell,1889-01-01T00:00:00.000,1.16667,44.16667,Point,44.16667,1.16667,,
Erxleben,10049,Valid,H6,2250,Fell,1812-01-01T00:00:00.000,52.21667,11.25,Point,11.25,52.21667,,
Esnandes,10051,Valid,L6,1500,Fell,1837-01-01T00:00:00.000,46.25,-1.1,Point,-1.1,46.25,,
Essebi,10055,Valid,C2-ung,500,Fell,1957-01-01T00:00:00.000,2.88333,30.83333,Point,30.83333,2.88333,,
Estherville,10059,Valid,Mesosiderite-A3/4,320000,Fell,1879-01-01T00:00:00.000,43.41667,-94.83333,Point,-94.83333,43.41667,16,277
Farmington,10074,Valid,L5,89400,Fell,1890-01-01T00:00:00.000,39.75,-97.03333,Point,-97.03333,39.75,17,1300
Farmville,10075,Valid,H4,56000,Fell,1934-01-01T00:00:00.000,35.55,-77.53333,Point,-77.53333,35.55,37,2439
Favars,10078,Valid,H5,1500,Fell,1844-01-01T00:00:00.000,44.38333,2.81667,Point,2.81667,44.38333,,
Fayetteville,10079,Valid,H4,2360,Fell,1934-01-01T00:00:00.000,36.05,-94.16667,Point,-94.16667,36.05,15,70
Feid Chair,10080,Valid,H4,380,Fell,1875-01-01T00:00:00.000,36.88333,8.45,Point,8.45,36.88333,,
Felix,10081,Valid,CO3.3,3200,Fell,1900-01-01T00:00:00.000,32.53333,-87.16667,Point,-87.16667,32.53333,29,1631
Fenghsien-Ku,10086,Valid,H5,82,Fell,1924-01-01T00:00:00.000,34.6,116.75,Point,116.75,34.6,,
Ferguson,10088,Valid,OC,220,Fell,1889-01-01T00:00:00.000,36.1,-81.41667,Point,-81.41667,36.1,37,2331
Fermo,10091,Valid,H3-5,10200,Fell,1996-01-01T00:00:00.000,43.18111,13.75333,Point,13.75333,43.18111,,
Fisher,10107,Valid,L6,17600,Fell,1894-01-01T00:00:00.000,47.81667,-96.85,Point,-96.85,47.81667,1,385
Florence,10111,Valid,H3,3640,Fell,1922-01-01T00:00:00.000,30.83333,-97.76667,Point,-97.76667,30.83333,23,807
Forest City,10119,Valid,H5,152000,Fell,1890-01-01T00:00:00.000,43.25,-93.66667,Point,-93.66667,43.25,16,1785
Forest Vale,10120,Valid,H4,26000,Fell,1942-01-01T00:00:00.000,-33.35,146.85833,Point,146.85833,-33.35,,
Forksville,10123,Valid,L6,6067,Fell,1924-01-01T00:00:00.000,36.78333,-78.08333,Point,-78.08333,36.78333,40,2839
Forsbach,10163,Valid,H6,240,Fell,1900-01-01T00:00:00.000,50.95,7.31667,Point,7.31667,50.95,,
Forsyth,10164,Valid,L6,16300,Fell,1829-01-01T00:00:00.000,33.01667,-83.96667,Point,-83.96667,33.01667,31,1470
Fort Flatters,10166,Valid,Stone-uncl,0,Fell,1944-01-01T00:00:00.000,28.25,7,Point,7,28.25,,
Frankfort (stone),10177,Valid,Howardite,650,Fell,1868-01-01T00:00:00.000,34.48333,-87.83333,Point,-87.83333,34.48333,29,99
Fuhe,52412,Valid,L5,23000,Fell,1945-01-01T00:00:00.000,31.47556,113.56694,Point,113.56694,31.47556,,
Fukutomi,10836,Valid,L5,11620,Fell,1882-01-01T00:00:00.000,33.18333,130.2,Point,130.2,33.18333,,
Fünen,10838,Valid,Stone-uncl,0,Fell,1654-01-01T00:00:00.000,55.33333,10.33333,Point,10.33333,55.33333,,
Futtehpur,10839,Valid,L6,4000,Fell,1822-01-01T00:00:00.000,25.95,80.81667,Point,80.81667,25.95,,
Fuyang,10840,Valid,Stone-uncl,2500,Fell,1977-01-01T00:00:00.000,32.9,115.9,Point,115.9,32.9,,
Galapian,10846,Valid,H6,132.7,Fell,1826-01-01T00:00:00.000,44.3,0.4,Point,0.4,44.3,,
Galim (a),10848,Valid,LL6,36.1,Fell,1952-01-01T00:00:00.000,7.05,12.43333,Point,12.43333,7.05,,
Galim (b),10849,Valid,EH3/4-an,28,Fell,1952-01-01T00:00:00.000,7.05,12.43333,Point,12.43333,7.05,,
Galkiv,10850,Valid,H4,5000,Fell,1995-01-01T00:00:00.000,51.68333,30.78333,Point,30.78333,51.68333,,
Gambat,10851,Valid,L6,6400,Fell,1897-01-01T00:00:00.000,27.35,68.53333,Point,68.53333,27.35,,
Gao-Guenie,10854,Valid,H5,0,Fell,1960-01-01T00:00:00.000,11.65,-2.18333,Point,-2.18333,11.65,,
Garhi Yasin,10860,Valid,"Iron, IIE",380,Fell,1917-01-01T00:00:00.000,27.88333,68.53333,Point,68.53333,27.88333,,
Garland,10861,Valid,Diogenite-pm,102,Fell,1950-01-01T00:00:00.000,41.68333,-112.13333,Point,-112.13333,41.68333,13,2985
Gashua,44882,Valid,L6,4162,Fell,1984-01-01T00:00:00.000,12.85,11.03333,Point,11.03333,12.85,,
Gasseltepaoua,10866,Valid,H5,0,Fell,2000-01-01T00:00:00.000,14.15083,-2.04167,Point,-2.04167,14.15083,,
Geidam,10870,Valid,H5,725,Fell,1950-01-01T00:00:00.000,12.91667,11.91667,Point,11.91667,12.91667,,
Gifu,10914,Valid,L6,14290,Fell,1909-01-01T00:00:00.000,35.53333,136.88333,Point,136.88333,35.53333,,
Girgenti,10917,Valid,L6,18000,Fell,1853-01-01T00:00:00.000,37.31667,13.56667,Point,13.56667,37.31667,,
Git-Git,10919,Valid,L6,480,Fell,1947-01-01T00:00:00.000,9.6,9.91667,Point,9.91667,9.6,,
Glanerbrug,10923,Valid,L/LL5,670,Fell,1990-01-01T00:00:00.000,52.2,6.86667,Point,6.86667,52.2,,
Glanggang,10924,Valid,H5-6,1303,Fell,1939-01-01T00:00:00.000,-7.25,107.7,Point,107.7,-7.25,,
Glasatovo,10926,Valid,H4,152000,Fell,1918-01-01T00:00:00.000,57.35,37.61667,Point,37.61667,57.35,,
Glatton,10930,Valid,L6,767,Fell,1991-01-01T00:00:00.000,52.45972,-0.3,Point,-0.3,52.45972,,
Gnadenfrei,10936,Valid,H5,1750,Fell,1879-01-01T00:00:00.000,50.66667,16.76667,Point,16.76667,50.66667,,
Gopalpur,10948,Valid,H6,1600,Fell,1865-01-01T00:00:00.000,24.23333,89.05,Point,89.05,24.23333,,
Gorlovka,10949,Valid,H3.7,3618,Fell,1974-01-01T00:00:00.000,48.28333,38.08333,Point,38.08333,48.28333,,
Granes,10956,Valid,L6,9000,Fell,1964-01-01T00:00:00.000,42.9,2.25,Point,2.25,42.9,,
Grefsheim,11196,Valid,L5,45.5,Fell,1976-01-01T00:00:00.000,60.66667,11,Point,11,60.66667,,
Grimsby,50911,Valid,H5,215,Fell,2009-01-01T00:00:00.000,43.2,-79.61667,Point,-79.61667,43.2,,
Grosnaja,11206,Valid,CV3,3500,Fell,1861-01-01T00:00:00.000,43.66667,45.38333,Point,45.38333,43.66667,,
Gross-Divina,11207,Valid,H5,10500,Fell,1837-01-01T00:00:00.000,49.26667,18.71667,Point,18.71667,49.26667,,
Grossliebenthal,11208,Valid,L6,8000,Fell,1881-01-01T00:00:00.000,46.35,30.58333,Point,30.58333,46.35,,
Grüneberg,11426,Valid,H4,1000,Fell,1841-01-01T00:00:00.000,51.93333,15.5,Point,15.5,51.93333,,
Grzempach,11429,Valid,H5,690,Fell,1910-01-01T00:00:00.000,52.86667,16.63333,Point,16.63333,52.86667,,
Gualeguaychú,11432,Valid,H6,22000,Fell,1932-01-01T00:00:00.000,-33,-58.61667,Point,-58.61667,-33,,
Guangmingshan,11435,Valid,H5,2910,Fell,1996-01-01T00:00:00.000,39.80417,122.76389,Point,122.76389,39.80417,,
Guangnan,11436,Valid,L6,0,Fell,1983-01-01T00:00:00.000,24.1,105,Point,105,24.1,,
Guangrao,11437,Valid,L6,1900,Fell,1980-01-01T00:00:00.000,37.1,118.4,Point,118.4,37.1,,
Guareña,11439,Valid,H6,39000,Fell,1892-01-01T00:00:00.000,38.73333,-6.01667,Point,-6.01667,38.73333,,
Guêa,11440,Valid,Stone-uncl,1915,Fell,1891-01-01T00:00:00.000,43.76667,20.23333,Point,20.23333,43.76667,,
Guibga,11442,Valid,L5,288,Fell,1972-01-01T00:00:00.000,13.5,-0.68333,Point,-0.68333,13.5,,
Guidder,11443,Valid,LL5,968,Fell,1949-01-01T00:00:00.000,9.91667,13.98333,Point,13.98333,9.91667,,
Gujargaon,11448,Valid,H5,2449,Fell,1982-01-01T00:00:00.000,22.98333,76.05,Point,76.05,22.98333,,
Gujba,11449,Valid,CBa,100000,Fell,1984-01-01T00:00:00.000,11.49167,11.65833,Point,11.65833,11.49167,,
Gumoschnik,11450,Valid,H5,5700,Fell,1904-01-01T00:00:00.000,42.9,24.7,Point,24.7,42.9,,
Gurram Konda,11464,Valid,L6,28,Fell,1814-01-01T00:00:00.000,13.78333,78.56667,Point,78.56667,13.78333,,
Gursum,11465,Valid,H4/5,34650,Fell,1981-01-01T00:00:00.000,9.36667,42.41667,Point,42.41667,9.36667,,
Gütersloh,11466,Valid,H3/4,1000,Fell,1851-01-01T00:00:00.000,51.91667,8.38333,Point,8.38333,51.91667,,
Gyokukei,11467,Valid,OC,1320,Fell,1930-01-01T00:00:00.000,35,127.5,Point,127.5,35,,
Hachi-oji,11468,Valid,H?,0.2,Fell,1817-01-01T00:00:00.000,35.65,139.33333,Point,139.33333,35.65,,
Hainaut,11472,Valid,H3-6,9000,Fell,1934-01-01T00:00:00.000,50.31667,3.73333,Point,3.73333,50.31667,,
Hallingeberg,11479,Valid,L3.4,1456,Fell,1944-01-01T00:00:00.000,57.81667,16.23333,Point,16.23333,57.81667,,
Hamlet,11485,Valid,LL4,3710,Fell,1959-01-01T00:00:00.000,41.38333,-86.6,Point,-86.6,41.38333,35,1205
Haraiya,11824,Valid,Eucrite-mmict,1000,Fell,1878-01-01T00:00:00.000,26.8,82.53333,Point,82.53333,26.8,,
Haripura,11829,Valid,CM2,315,Fell,1921-01-01T00:00:00.000,28.38333,75.78333,Point,75.78333,28.38333,,
Harleton,11830,Valid,L6,8360,Fell,1961-01-01T00:00:00.000,32.675,-94.51167,Point,-94.51167,32.675,23,2025
Harrison County,11842,Valid,L6,680,Fell,1859-01-01T00:00:00.000,38.25,-86.16667,Point,-86.16667,38.25,35,1855
Hashima,11848,Valid,H4,1110.6,Fell,1910-01-01T00:00:00.000,35.2945,136.70033,Point,136.70033,35.2945,,
Hassi-Jekna,11852,Valid,"Iron, IAB-sHL",1250,Fell,1890-01-01T00:00:00.000,28.95,0.81667,Point,0.81667,28.95,,
Hatford,11855,Valid,Stone-uncl,29000,Fell,1628-01-01T00:00:00.000,51.65,-1.51667,Point,-1.51667,51.65,,
Haverö,11859,Valid,Ureilite,1544,Fell,1971-01-01T00:00:00.000,60.24556,22.06194,Point,22.06194,60.24556,,
Hedeskoga,11869,Valid,H5,3500,Fell,1922-01-01T00:00:00.000,55.46667,13.78333,Point,13.78333,55.46667,,
Hedjaz,11870,Valid,L3.7-6,6100,Fell,1910-01-01T00:00:00.000,27.33333,35.66667,Point,35.66667,27.33333,,
Heredia,11875,Valid,H5,1000,Fell,1857-01-01T00:00:00.000,10,-84.1,Point,-84.1,10,,
Hessle,11878,Valid,H5,20000,Fell,1869-01-01T00:00:00.000,59.85,17.66667,Point,17.66667,59.85,,
Higashi-koen,11883,Valid,H5,750,Fell,1897-01-01T00:00:00.000,33.6,130.43333,Point,130.43333,33.6,,
High Possil,11884,Valid,L6,4500,Fell,1804-01-01T00:00:00.000,55.9,-4.23333,Point,-4.23333,55.9,,
Hiroshima,11889,Valid,H5,414,Fell,2003-01-01T00:00:00.000,34.45,132.38333,Point,132.38333,34.45,,
Hoima,44714,Valid,H6,167.7,Fell,2003-01-01T00:00:00.000,1.345,31.47278,Point,31.47278,1.345,,
Hökmark,11893,Valid,L4,305.5,Fell,1954-01-01T00:00:00.000,64.43333,21.2,Point,21.2,64.43333,,
Holbrook,11894,Valid,L/LL6,220000,Fell,1912-01-01T00:00:00.000,34.9,-110.18333,Point,-110.18333,34.9,7,990
Holetta,11895,Valid,Stone-uncl,1415,Fell,1923-01-01T00:00:00.000,9.06667,38.41667,Point,38.41667,9.06667,,
Homestead,11901,Valid,L5,230000,Fell,1875-01-01T00:00:00.000,41.8,-91.86667,Point,-91.86667,41.8,16,284
Honolulu,11904,Valid,L5,2420,Fell,1825-01-01T00:00:00.000,21.3,-157.86667,Point,-157.86667,21.3,4,1657
Hotse,11913,Valid,L6,180,Fell,1956-01-01T00:00:00.000,35.66667,115.5,Point,115.5,35.66667,,
Hoxie,11915,Valid,OC,266.1,Fell,1963-01-01T00:00:00.000,39.35,-100.45,Point,-100.45,39.35,17,1293
Hraschina,11916,Valid,"Iron, IID",49000,Fell,1751-01-01T00:00:00.000,46.1,16.33333,Point,16.33333,46.1,,
Huaxi,54719,Valid,H5,1600,Fell,2010-01-01T00:00:00.000,26.46469,106.63241,Point,106.63241,26.46469,,
Hungen,11986,Valid,H6,112,Fell,1877-01-01T00:00:00.000,50.3,8.91667,Point,8.91667,50.3,,
Hvittis,11989,Valid,EL6,14000,Fell,1901-01-01T00:00:00.000,61.18333,22.68333,Point,22.68333,61.18333,,
Ibbenbüren,11992,Valid,Diogenite,2000,Fell,1870-01-01T00:00:00.000,52.28333,7.7,Point,7.7,52.28333,,
Ibitira,11993,Valid,Eucrite-mmict,2500,Fell,1957-01-01T00:00:00.000,-20,-45,Point,-45,-20,,
Ibrisim,11994,Valid,OC,0,Fell,1949-01-01T00:00:00.000,38,35,Point,35,38,,
Ichkala,11995,Valid,H6,3973,Fell,1936-01-01T00:00:00.000,58.2,82.93333,Point,82.93333,58.2,,
Idutywa,12000,Valid,H5,3457,Fell,1956-01-01T00:00:00.000,-32.1,28.33333,Point,28.33333,-32.1,,
Iguaracu,12003,Valid,H5,1200,Fell,1977-01-01T00:00:00.000,-23.2,-51.83333,Point,-51.83333,-23.2,,
Ijopega,12004,Valid,H6,7330,Fell,1975-01-01T00:00:00.000,-6.03333,145.36667,Point,145.36667,-6.03333,,
Indarch,12027,Valid,EH4,27000,Fell,1891-01-01T00:00:00.000,39.75,46.66667,Point,46.66667,39.75,,
Independence,12028,Valid,L6,880,Fell,1917-01-01T00:00:00.000,39.08333,-94.4,Point,-94.4,39.08333,18,525
Inner Mongolia,12037,Valid,L6,3000,Fell,1963-01-01T00:00:00.000,41,112,Point,112,41,,
Innisfree,12039,Valid,L5,4576,Fell,1977-01-01T00:00:00.000,53.415,-111.3375,Point,-111.3375,53.415,,
Ipiranga,12043,Valid,H6,7000,Fell,1972-01-01T00:00:00.000,-25.5,-54.5,Point,-54.5,-25.5,,
Ishinga,12049,Valid,H,1300,Fell,1954-01-01T00:00:00.000,-8.93333,33.8,Point,33.8,-8.93333,,
Isthilart,12053,Valid,H5,3050,Fell,1928-01-01T00:00:00.000,-31.18333,-57.95,Point,-57.95,-31.18333,,
Itapicuru-Mirim,12056,Valid,H5,2024,Fell,1879-01-01T00:00:00.000,-3.4,-44.33333,Point,-44.33333,-3.4,,
Itqiy,12058,Valid,EH7-an,4720,Fell,1990-01-01T00:00:00.000,26.59083,-12.95217,Point,-12.95217,26.59083,,
Ivuna,12063,Valid,CI1,704.5,Fell,1938-01-01T00:00:00.000,-8.41667,32.43333,Point,32.43333,-8.41667,,
Jackalsfontein,12065,Valid,L6,48000,Fell,1903-01-01T00:00:00.000,-32.5,21.9,Point,21.9,-32.5,,
Jajh deh Kot Lalu,12067,Valid,EL6,973,Fell,1926-01-01T00:00:00.000,26.75,68.41667,Point,68.41667,26.75,,
Jalanash,12068,Valid,Ureilite,700,Fell,1990-01-01T00:00:00.000,,,,,,,
Jalandhar,12069,Valid,Iron,1967,Fell,1621-01-01T00:00:00.000,31,75,Point,75,31,,
Jamkheir,12072,Valid,H6,22,Fell,1866-01-01T00:00:00.000,18.75,75.33333,Point,75.33333,18.75,,
Jartai,12074,Valid,L6,20500,Fell,1979-01-01T00:00:00.000,39.7,105.8,Point,105.8,39.7,,
Jelica,12078,Valid,LL6,34000,Fell,1889-01-01T00:00:00.000,43.83333,20.44167,Point,20.44167,43.83333,,
Jemlapur,12079,Valid,L6,450,Fell,1901-01-01T00:00:00.000,,,,,,,
Jesenice,51589,Valid,L6,3667,Fell,2009-01-01T00:00:00.000,46.42137,14.05217,Point,14.05217,46.42137,,
Jhung,12085,Valid,L5,5900,Fell,1873-01-01T00:00:00.000,31.3,72.38333,Point,72.38333,31.3,,
Jiange,12086,Valid,H5,222,Fell,1964-01-01T00:00:00.000,31.91667,104.91667,Point,104.91667,31.91667,,
Jianshi,12087,Valid,"Iron, IIIAB",600000,Fell,1890-01-01T00:00:00.000,30.80833,109.5,Point,109.5,30.80833,,
Jilin,12171,Valid,H5,4000000,Fell,1976-01-01T00:00:00.000,44.05,126.16667,Point,126.16667,44.05,,
Jodiya,47362,Valid,L5,100,Fell,2006-01-01T00:00:00.000,22.68,70.31333,Point,70.31333,22.68,,
Jodzie,12173,Valid,Howardite,30,Fell,1877-01-01T00:00:00.000,55.7,24.4,Point,24.4,55.7,,
Johnstown,12198,Valid,Diogenite,40300,Fell,1924-01-01T00:00:00.000,40.35,-104.9,Point,-104.9,40.35,9,1072
Jolomba,12199,Valid,LL6,483,Fell,1974-01-01T00:00:00.000,-11.85,15.83333,Point,15.83333,-11.85,,
Jonzac,12202,Valid,Eucrite-mmict,5000,Fell,1819-01-01T00:00:00.000,45.43333,-0.45,Point,-0.45,45.43333,,
Juancheng,12203,Valid,H5,100000,Fell,1997-01-01T00:00:00.000,35.5,115.41667,Point,115.41667,35.5,,
Judesegeri,12207,Valid,H6,680,Fell,1876-01-01T00:00:00.000,12.85,76.8,Point,76.8,12.85,,
Jumapalo,12209,Valid,L6,32490,Fell,1984-01-01T00:00:00.000,-7.71667,111.2,Point,111.2,-7.71667,,
Junan,12210,Valid,L6,950,Fell,1976-01-01T00:00:00.000,35.2,118.8,Point,118.8,35.2,,
Juromenha,12213,Valid,"Iron, IIIAB",25250,Fell,1968-01-01T00:00:00.000,38.74028,-7.27,Point,-7.27,38.74028,,
Juvinas,12214,Valid,Eucrite-mmict,91000,Fell,1821-01-01T00:00:00.000,44.71667,4.3,Point,4.3,44.71667,,
Kaba,12218,Valid,CV3,3000,Fell,1857-01-01T00:00:00.000,47.35,21.3,Point,21.3,47.35,,
Kabo,12220,Valid,H4,13400,Fell,1971-01-01T00:00:00.000,11.85,8.21667,Point,8.21667,11.85,,
Kadonah,12221,Valid,H6,89,Fell,1822-01-01T00:00:00.000,27.08333,78.33333,Point,78.33333,27.08333,,
Kaee,12222,Valid,H5,230,Fell,1838-01-01T00:00:00.000,27.25,79.96667,Point,79.96667,27.25,,
Kagarlyk,12227,Valid,L6,1900,Fell,1908-01-01T00:00:00.000,49.86667,30.83333,Point,30.83333,49.86667,,
Kaidun,12228,Valid,CR2,2000,Fell,1980-01-01T00:00:00.000,15,48.3,Point,48.3,15,,
Kainsaz,12229,Valid,CO3.2,200000,Fell,1937-01-01T00:00:00.000,55.43333,53.25,Point,53.25,55.43333,,
Kakangari,12230,Valid,K3,350,Fell,1890-01-01T00:00:00.000,12.38333,78.51667,Point,78.51667,12.38333,,
Kakowa,12231,Valid,L6,577,Fell,1858-01-01T00:00:00.000,45.13333,21.66667,Point,21.66667,45.13333,,
Kalaba,12232,Valid,H4,950,Fell,1951-01-01T00:00:00.000,-6.83333,29.5,Point,29.5,-6.83333,,
Kalumbi,12236,Valid,L6,4500,Fell,1879-01-01T00:00:00.000,17.83333,73.98333,Point,73.98333,17.83333,,
Kamalpur,12238,Valid,L6,2770,Fell,1942-01-01T00:00:00.000,26.03333,81.46667,Point,81.46667,26.03333,,
Kamiomi,12240,Valid,H5,448,Fell,1913-01-01T00:00:00.000,36.04167,139.95667,Point,139.95667,36.04167,,
Kamsagar,12241,Valid,L6,1293,Fell,1902-01-01T00:00:00.000,14.18333,75.8,Point,75.8,14.18333,,
Kandahar (Afghanistan),12243,Valid,L6,299,Fell,1959-01-01T00:00:00.000,31.6,65.78333,Point,65.78333,31.6,,
Kangean,12245,Valid,H5,1630,Fell,1908-01-01T00:00:00.000,-7,115.5,Point,115.5,-7,,
Kangra Valley,12246,Valid,H5,400,Fell,1897-01-01T00:00:00.000,32.08333,76.3,Point,76.3,32.08333,,
Kapoeta,12251,Valid,Howardite,11355,Fell,1942-01-01T00:00:00.000,4.7,33.63333,Point,33.63333,4.7,,
Kaprada,47357,Valid,L5/6,1600,Fell,2004-01-01T00:00:00.000,20.33916,73.22329,Point,73.22329,20.33916,,
Kaptal-Aryk,12253,Valid,L6,3500,Fell,1937-01-01T00:00:00.000,42.45,73.36667,Point,73.36667,42.45,,
Karakol,12256,Valid,LL6,3000,Fell,1840-01-01T00:00:00.000,47.21667,81.01667,Point,81.01667,47.21667,,
Karatu,12258,Valid,LL6,2220,Fell,1963-01-01T00:00:00.000,-3.5,35.58333,Point,35.58333,-3.5,,
Karewar,12260,Valid,L6,180,Fell,1949-01-01T00:00:00.000,12.9,7.15,Point,7.15,12.9,,
Karkh,12262,Valid,L6,22000,Fell,1905-01-01T00:00:00.000,27.8,67.16667,Point,67.16667,27.8,,
Karloowala,12263,Valid,L6,2950,Fell,1955-01-01T00:00:00.000,31.58333,71.6,Point,71.6,31.58333,,
Karoonda,12264,Valid,CK4,41730,Fell,1930-01-01T00:00:00.000,-35.08333,139.91667,Point,139.91667,-35.08333,,
Kasamatsu,12266,Valid,H,710,Fell,1938-01-01T00:00:00.000,35.36667,136.76667,Point,136.76667,35.36667,,
Kasauli,30740,Valid,H4,16820,Fell,2003-01-01T00:00:00.000,29.58333,77.58333,Point,77.58333,29.58333,,
Katagum,35465,Valid,L6,1500,Fell,1999-01-01T00:00:00.000,11.33333,10.08333,Point,10.08333,11.33333,,
Kavarpura,47351,Valid,"Iron, IIE-an",6800,Fell,2006-01-01T00:00:00.000,25.14333,75.81333,Point,75.81333,25.14333,,
Kayakent,12268,Valid,"Iron, IIIAB",85000,Fell,1961-01-01T00:00:00.000,39.26333,31.78,Point,31.78,39.26333,,
Kediri,12270,Valid,L4,3300,Fell,1940-01-01T00:00:00.000,-7.75,112.01667,Point,112.01667,-7.75,,
Kemer,53654,Valid,L4,5760,Fell,2008-01-01T00:00:00.000,36.54194,29.41822,Point,29.41822,36.54194,,
Kendleton,12275,Valid,L4,6937,Fell,1939-01-01T00:00:00.000,29.45,-96,Point,-96,29.45,23,3190
Kendrapara,12276,Valid,H4-5,6669.2,Fell,2003-01-01T00:00:00.000,20.4625,86.70278,Point,86.70278,20.4625,,
Kerilis,12282,Valid,H5,5000,Fell,1874-01-01T00:00:00.000,48.4,-3.3,Point,-3.3,48.4,,
Kernouve,12284,Valid,H6,80000,Fell,1869-01-01T00:00:00.000,48.11667,-3.08333,Point,-3.08333,48.11667,,
Kesen,12286,Valid,H4,135000,Fell,1850-01-01T00:00:00.000,38.98333,141.61667,Point,141.61667,38.98333,,
Khairpur,12288,Valid,EL6,13600,Fell,1873-01-01T00:00:00.000,29.53333,72.3,Point,72.3,29.53333,,
Khanpur,12289,Valid,LL5,3698,Fell,1932-01-01T00:00:00.000,25.55,83.11667,Point,83.11667,25.55,,
Kharkov,12291,Valid,L6,1500,Fell,1787-01-01T00:00:00.000,50.625,35.075,Point,35.075,50.625,,
Kheragur,12294,Valid,L6,450,Fell,1860-01-01T00:00:00.000,26.95,77.88333,Point,77.88333,26.95,,
Khetri,12296,Valid,H6,100,Fell,1867-01-01T00:00:00.000,28.01667,75.81667,Point,75.81667,28.01667,,
Khmelevka,12297,Valid,L5,6109,Fell,1929-01-01T00:00:00.000,56.75,75.33333,Point,75.33333,56.75,,
Khohar,12298,Valid,L3.6,9700,Fell,1910-01-01T00:00:00.000,25.1,81.53333,Point,81.53333,25.1,,
Khor Temiki,12299,Valid,Aubrite,3200,Fell,1932-01-01T00:00:00.000,16,36,Point,36,16,,
Kidairat,12300,Valid,H6,100000,Fell,1983-01-01T00:00:00.000,14,28,Point,28,14,,
Kiel,12301,Valid,L6,737.6,Fell,1962-01-01T00:00:00.000,54.4,10.15,Point,10.15,54.4,,
Kiffa,12303,Valid,H5,1500,Fell,1970-01-01T00:00:00.000,16.58333,-11.33333,Point,-11.33333,16.58333,,
Kijima (1906),12305,Valid,Stone-uncl,331,Fell,1906-01-01T00:00:00.000,36.85,138.38333,Point,138.38333,36.85,,
Kikino,12306,Valid,H6,195,Fell,1809-01-01T00:00:00.000,55,34,Point,34,55,,
Kilabo,12307,Valid,LL6,19000,Fell,2002-01-01T00:00:00.000,12.76667,9.8,Point,9.8,12.76667,,
Kilbourn,12308,Valid,H5,772,Fell,1911-01-01T00:00:00.000,43.58333,-89.6,Point,-89.6,43.58333,41,2971
Killeter,12309,Valid,H6,140,Fell,1844-01-01T00:00:00.000,54.66667,-7.66667,Point,-7.66667,54.66667,,
Kingai,12316,Valid,H6,67.4,Fell,1967-01-01T00:00:00.000,11.63333,24.68333,Point,24.68333,11.63333,,
Kirbyville,12321,Valid,Eucrite-mmict,97.7,Fell,1906-01-01T00:00:00.000,30.75,-95.95,Point,-95.95,30.75,23,2018
Kisvarsány,12325,Valid,L6,1550,Fell,1914-01-01T00:00:00.000,48.16667,22.30833,Point,22.30833,48.16667,,
Kitchener,12326,Valid,L6,202.6,Fell,1998-01-01T00:00:00.000,43.38333,-80.38333,Point,-80.38333,43.38333,,
Klein-Wenden,12332,Valid,H6,3250,Fell,1843-01-01T00:00:00.000,51.6,10.8,Point,10.8,51.6,,
Knyahinya,12335,Valid,L/LL5,500000,Fell,1866-01-01T00:00:00.000,48.9,22.4,Point,22.4,48.9,,
Kobe,12336,Valid,CK4,136,Fell,1999-01-01T00:00:00.000,34.73333,135.16667,Point,135.16667,34.73333,,
Kokubunji,12342,Valid,L6,11510,Fell,1986-01-01T00:00:00.000,34.3,133.95,Point,133.95,34.3,,
Komagome,12343,Valid,Iron,238,Fell,1926-01-01T00:00:00.000,35.73333,139.75,Point,139.75,35.73333,,
Konovo,12344,Valid,LL5,90,Fell,1931-01-01T00:00:00.000,42.51667,26.16667,Point,26.16667,42.51667,,
Košice,53810,Valid,H5,4300,Fell,2010-01-01T00:00:00.000,48.76367,21.17633,Point,21.17633,48.76367,,
Krähenberg,12353,Valid,LL5,16500,Fell,1869-01-01T00:00:00.000,49.32694,7.46472,Point,7.46472,49.32694,,
Krasnoi-Ugol,12355,Valid,L6,2440,Fell,1829-01-01T00:00:00.000,54.03333,40.9,Point,40.9,54.03333,,
Krasnyi Klyuch,12357,Valid,H5,4000,Fell,1946-01-01T00:00:00.000,54.33333,56.08333,Point,56.08333,54.33333,,
Krutikha,12363,Valid,OC,845.2,Fell,1906-01-01T00:00:00.000,56.8,77,Point,77,56.8,,
Krymka,12364,Valid,LL3.2,50000,Fell,1946-01-01T00:00:00.000,47.83333,30.76667,Point,30.76667,47.83333,,
Kukschin,12368,Valid,L6,2250,Fell,1938-01-01T00:00:00.000,51.15,31.7,Point,31.7,51.15,,
Kulak,12369,Valid,L5,453.6,Fell,1961-01-01T00:00:00.000,30.73111,66.80222,Point,66.80222,30.73111,,
Kuleschovka,12370,Valid,L6,6000,Fell,1811-01-01T00:00:00.000,50.75,33.5,Point,33.5,50.75,,
Kulp,12373,Valid,H6,3719,Fell,1906-01-01T00:00:00.000,41.11667,45,Point,45,41.11667,,
Kunashak,12377,Valid,L6,200000,Fell,1949-01-01T00:00:00.000,55.78333,61.36667,Point,61.36667,55.78333,,
Kunya-Urgench,12379,Valid,H5,1100000,Fell,1998-01-01T00:00:00.000,42.25,59.2,Point,59.2,42.25,,
Kushiike,12381,Valid,OC,4460,Fell,1920-01-01T00:00:00.000,37.05,138.38333,Point,138.38333,37.05,,
Kusiali,12382,Valid,L6,5,Fell,1860-01-01T00:00:00.000,29.68333,78.38333,Point,78.38333,29.68333,,
Kutais,12383,Valid,H5,23,Fell,1977-01-01T00:00:00.000,44.51667,39.3,Point,39.3,44.51667,,
Kuttippuram,12384,Valid,L6,45000,Fell,1914-01-01T00:00:00.000,10.83333,76.03333,Point,76.03333,10.83333,,
Kuznetzovo,12385,Valid,L6,4047,Fell,1932-01-01T00:00:00.000,55.2,75.33333,Point,75.33333,55.2,,
Kyushu,12390,Valid,L6,45000,Fell,1886-01-01T00:00:00.000,32.03333,130.63333,Point,130.63333,32.03333,,
La Bécasse,12392,Valid,L6,2800,Fell,1879-01-01T00:00:00.000,47.08333,1.75,Point,1.75,47.08333,,
La Charca,12394,Valid,OC,399,Fell,1878-01-01T00:00:00.000,20.66667,-101.28333,Point,-101.28333,20.66667,,
La Colina,12395,Valid,H5,2000,Fell,1924-01-01T00:00:00.000,-37.33333,-61.53333,Point,-61.53333,-37.33333,,
La Criolla,12396,Valid,L6,45000,Fell,1985-01-01T00:00:00.000,-31.23333,-58.16667,Point,-58.16667,-31.23333,,
Laborel,12408,Valid,H5,3833,Fell,1871-01-01T00:00:00.000,44.28333,5.58333,Point,5.58333,44.28333,,
Lahrauli,12433,Valid,Ureilite,900,Fell,1955-01-01T00:00:00.000,26.78333,82.71667,Point,82.71667,26.78333,,
L'Aigle,12434,Valid,L6,37000,Fell,1803-01-01T00:00:00.000,48.76667,0.63333,Point,0.63333,48.76667,,
Cumulus Hills 04075,32531,Valid,Pallasite,9.6,Found,2003-01-01T00:00:00.000,,,,,,,
Lakangaon,12435,Valid,Eucrite-mmict,212.5,Fell,1910-01-01T00:00:00.000,21.86667,76.03333,Point,76.03333,21.86667,,
Lalitpur,12451,Valid,L6,372,Fell,1887-01-01T00:00:00.000,24.45,78.56667,Point,78.56667,24.45,,
Lancé,12455,Valid,CO3.5,51700,Fell,1872-01-01T00:00:00.000,47.7,1.06667,Point,1.06667,47.7,,
Lancon,12456,Valid,H6,7000,Fell,1897-01-01T00:00:00.000,43.75,5.11667,Point,5.11667,43.75,,
Långhalsen,12461,Valid,L6,2300,Fell,1947-01-01T00:00:00.000,58.85,16.73333,Point,16.73333,58.85,,
Lanxi,12464,Valid,L6,1282,Fell,1986-01-01T00:00:00.000,46.24167,126.19611,Point,126.19611,46.24167,,
Lanzenkirchen,12465,Valid,L4,7000,Fell,1925-01-01T00:00:00.000,47.75,16.23333,Point,16.23333,47.75,,
Laochenzhen,12466,Valid,H5,14250,Fell,1987-01-01T00:00:00.000,33.13333,115.16667,Point,115.16667,33.13333,,
Launton,12740,Valid,L6,1060,Fell,1830-01-01T00:00:00.000,51.9,-1.11667,Point,-1.11667,51.9,,
Lavrentievka,12743,Valid,L6,800,Fell,1938-01-01T00:00:00.000,52.45,51.56667,Point,51.56667,52.45,,
Le Pressoir,12748,Valid,H5,3000,Fell,1845-01-01T00:00:00.000,47.16667,0.43333,Point,0.43333,47.16667,,
Le Teilleul,12749,Valid,Howardite,780,Fell,1845-01-01T00:00:00.000,48.53333,-0.86667,Point,-0.86667,48.53333,,
Leedey,12755,Valid,L6,51500,Fell,1943-01-01T00:00:00.000,35.88333,-99.33333,Point,-99.33333,35.88333,20,608
Leeuwfontein,12756,Valid,L6,460,Fell,1912-01-01T00:00:00.000,-25.66667,28.36667,Point,28.36667,-25.66667,,
Leighlinbridge,12759,Valid,L6,271.4,Fell,1999-01-01T00:00:00.000,52.66667,-6.96667,Point,-6.96667,52.66667,,
Leighton,12760,Valid,H5,877,Fell,1907-01-01T00:00:00.000,34.58333,-87.5,Point,-87.5,34.58333,29,1585
Leonovka,12765,Valid,L6,700,Fell,1900-01-01T00:00:00.000,52.26667,32.85,Point,32.85,52.26667,,
Les Ormes,12769,Valid,L6,125,Fell,1857-01-01T00:00:00.000,48.35,3.25,Point,3.25,48.35,,
Lesves,12772,Valid,L6,2000,Fell,1896-01-01T00:00:00.000,50.36667,4.73333,Point,4.73333,50.36667,,
Lichtenberg,14646,Valid,H6,4000,Fell,1973-01-01T00:00:00.000,-26.15,26.18333,Point,26.18333,-26.15,,
Lillaverke,14650,Valid,H5,6862,Fell,1930-01-01T00:00:00.000,56.65,15.86667,Point,15.86667,56.65,,
Limerick,14652,Valid,H5,50000,Fell,1813-01-01T00:00:00.000,52.56667,-8.78333,Point,-8.78333,52.56667,,
Linum,14655,Valid,L6,1862,Fell,1854-01-01T00:00:00.000,52.75,12.9,Point,12.9,52.75,,
Lishui,14659,Valid,L5,498,Fell,1978-01-01T00:00:00.000,31.63333,118.98333,Point,118.98333,31.63333,,
Lissa,14661,Valid,L6,12800,Fell,1808-01-01T00:00:00.000,50.2,14.85,Point,14.85,50.2,,
Little Piney,14664,Valid,L5,491,Fell,1839-01-01T00:00:00.000,37.91667,-92.08333,Point,-92.08333,37.91667,18,2171
Lixna,14670,Valid,H4,5213,Fell,1820-01-01T00:00:00.000,56,26.43333,Point,26.43333,56,,
Lodran,14675,Valid,Lodranite,1000,Fell,1868-01-01T00:00:00.000,29.53333,71.8,Point,71.8,29.53333,,
Lohawat,14678,Valid,Howardite,40000,Fell,1994-01-01T00:00:00.000,26.96556,72.62667,Point,72.62667,26.96556,,
Lorton,52843,Valid,L6,329.7,Fell,2010-01-01T00:00:00.000,38.70066,-77.21163,Point,-77.21163,38.70066,40,2770
Los Martinez,14708,Valid,L6,25,Fell,1894-01-01T00:00:00.000,38,-0.83333,Point,-0.83333,38,,
Lost City,14711,Valid,H5,17000,Fell,1970-01-01T00:00:00.000,36.00833,-95.15,Point,-95.15,36.00833,20,2711
Louisville,14716,Valid,L6,1300,Fell,1977-01-01T00:00:00.000,38.25,-85.75,Point,-85.75,38.25,36,1327
Łowicz,14718,Valid,Mesosiderite-A3,59000,Fell,1935-01-01T00:00:00.000,52,19.91667,Point,19.91667,52,,
Lua,14721,Valid,L5,9241,Fell,1926-01-01T00:00:00.000,24.95,75.15,Point,75.15,24.95,,
Lucé,14724,Valid,L6,3500,Fell,1768-01-01T00:00:00.000,47.85,0.48333,Point,0.48333,47.85,,
Lumpkin,14753,Valid,L6,340,Fell,1869-01-01T00:00:00.000,32.03333,-84.76667,Point,-84.76667,32.03333,31,1567
Lunan,14754,Valid,H6,2520,Fell,1980-01-01T00:00:00.000,24.8,103.3,Point,103.3,24.8,,
Lundsgård,14755,Valid,L6,11000,Fell,1889-01-01T00:00:00.000,56.21667,13.03333,Point,13.03333,56.21667,,
Luotolax,14756,Valid,Howardite,885,Fell,1813-01-01T00:00:00.000,61.2,27.7,Point,27.7,61.2,,
Luponnas,14757,Valid,H3-5,14000,Fell,1753-01-01T00:00:00.000,46.21667,5,Point,5,46.21667,,
Lusaka,14759,Valid,Unknown,0,Fell,1951-01-01T00:00:00.000,-7.21667,29.43333,Point,29.43333,-7.21667,,
Mabwe-Khoywa,14764,Valid,L5,540,Fell,1937-01-01T00:00:00.000,19,97,Point,97,19,,
Macau,15370,Valid,H5,1500,Fell,1836-01-01T00:00:00.000,-5.2,-36.66667,Point,-36.66667,-5.2,,
Machinga,15371,Valid,L6,93200,Fell,1981-01-01T00:00:00.000,-15.21222,35.24222,Point,35.24222,-15.21222,,
Macibini,15372,Valid,Eucrite-pmict,1995,Fell,1936-01-01T00:00:00.000,-28.83333,31.95,Point,31.95,-28.83333,,
Madhipura,15379,Valid,L,1000,Fell,1950-01-01T00:00:00.000,25.91667,86.36667,Point,86.36667,25.91667,,
Madiun,15380,Valid,L6,400,Fell,1935-01-01T00:00:00.000,-7.75,111.53333,Point,111.53333,-7.75,,
Madrid,15382,Valid,L6,400,Fell,1896-01-01T00:00:00.000,40.41667,-3.71667,Point,-3.71667,40.41667,,
Mafra,15383,Valid,L3-4,600,Fell,1941-01-01T00:00:00.000,-26.16667,-49.93333,Point,-49.93333,-26.16667,,
Magnesia,15386,Valid,"Iron, IAB-sHL",5000,Fell,1899-01-01T00:00:00.000,37.86667,27.51667,Point,27.51667,37.86667,,
Magombedze,15387,Valid,H3-5,666.6,Fell,1990-01-01T00:00:00.000,-19.48333,31.65,Point,31.65,-19.48333,,
Mahadevpur,47361,Valid,H4/5,70500,Fell,2007-01-01T00:00:00.000,27.66667,95.78333,Point,95.78333,27.66667,,
Maigatari-Danduma,30751,Valid,H5/6,4629,Fell,2004-01-01T00:00:00.000,12.83333,9.38333,Point,9.38333,12.83333,,
Malaga,15393,Valid,OC,150,Fell,1933-01-01T00:00:00.000,32.21667,-104,Point,-104,32.21667,11,611
Malakal,15394,Valid,L5,2000,Fell,1970-01-01T00:00:00.000,9.5,31.75,Point,31.75,9.5,,
Malampaka,15395,Valid,H,470,Fell,1930-01-01T00:00:00.000,-3.13333,33.51667,Point,33.51667,-3.13333,,
Malotas,15397,Valid,H5,0,Fell,1931-01-01T00:00:00.000,-28.93333,-63.23333,Point,-63.23333,-28.93333,,
Malvern,15400,Valid,Eucrite-pmict,807,Fell,1933-01-01T00:00:00.000,-29.45,26.76667,Point,26.76667,-29.45,,
Mamra Springs,15401,Valid,L6,1000,Fell,1927-01-01T00:00:00.000,45.21667,62.08333,Point,62.08333,45.21667,,
Manbhoom,15402,Valid,LL6,1700,Fell,1863-01-01T00:00:00.000,23.05,86.7,Point,86.7,23.05,,
Manegaon,15403,Valid,Diogenite,50,Fell,1843-01-01T00:00:00.000,20.96667,76.1,Point,76.1,20.96667,,
Mangwendi,15405,Valid,LL6,22300,Fell,1934-01-01T00:00:00.000,-17.65,31.6,Point,31.6,-17.65,,
Manych,15409,Valid,LL3.4,3555,Fell,1951-01-01T00:00:00.000,45.81667,44.63333,Point,44.63333,45.81667,,
Mardan,15414,Valid,H5,4500,Fell,1948-01-01T00:00:00.000,34.23333,72.08333,Point,72.08333,34.23333,,
Maria Linden,15418,Valid,L4,114,Fell,1925-01-01T00:00:00.000,,,,,,,
Mariaville,15419,Valid,Iron,340,Fell,1898-01-01T00:00:00.000,42.71667,-99.38333,Point,-99.38333,42.71667,19,471
Maribo,48973,Valid,CM2,25.81,Fell,2009-01-01T00:00:00.000,54.76183,11.46745,Point,11.46745,54.76183,,
Maridi,15421,Valid,H6,3200,Fell,1941-01-01T00:00:00.000,4.66667,29.25,Point,29.25,4.66667,,
Marilia,15422,Valid,H4,2500,Fell,1971-01-01T00:00:00.000,-22.25,-49.93333,Point,-49.93333,-22.25,,
Marion (Iowa),15424,Valid,L6,28400,Fell,1847-01-01T00:00:00.000,41.9,-91.6,Point,-91.6,41.9,16,287
Marjalahti,15426,Valid,"Pallasite, PMG",45000,Fell,1902-01-01T00:00:00.000,61.5,30.5,Point,30.5,61.5,,
Marmande,15429,Valid,L5,3000,Fell,1848-01-01T00:00:00.000,44.5,0.15,Point,0.15,44.5,,
Maromandia,15430,Valid,L6,6000,Fell,2002-01-01T00:00:00.000,-14.2,48.1,Point,48.1,-14.2,,
Maryville,15436,Valid,L6,1443,Fell,1983-01-01T00:00:00.000,35.8,-84.1,Point,-84.1,35.8,39,2740
Mascombes,15438,Valid,L6,1000,Fell,1836-01-01T00:00:00.000,45.36667,1.86667,Point,1.86667,45.36667,,
Mason Gully,53653,Valid,H5,24.54,Fell,2010-01-01T00:00:00.000,0,0,Point,0,0,,
Mässing,15443,Valid,Howardite,1600,Fell,1803-01-01T00:00:00.000,48.13333,12.61667,Point,12.61667,48.13333,,
Mauerkirchen,15446,Valid,L6,19000,Fell,1768-01-01T00:00:00.000,48.18333,13.13333,Point,13.13333,48.18333,,
Mauritius,15447,Valid,L6,220,Fell,1801-01-01T00:00:00.000,-20,57,Point,57,-20,,
Mayo Belwa,15451,Valid,Aubrite,4850,Fell,1974-01-01T00:00:00.000,8.96667,12.08333,Point,12.08333,8.96667,,
Mazapil,15453,Valid,"Iron, IAB-sLL",4000,Fell,1885-01-01T00:00:00.000,24.68333,-101.68333,Point,-101.68333,24.68333,,
Maziba,15454,Valid,L6,4975,Fell,1942-01-01T00:00:00.000,-1.21667,30,Point,30,-1.21667,,
Mbale,15455,Valid,L5/6,150000,Fell,1992-01-01T00:00:00.000,1.06667,34.16667,Point,34.16667,1.06667,,
Medanitos,15467,Valid,Eucrite-cm,31,Fell,1953-01-01T00:00:00.000,-27.25,-67.5,Point,-67.5,-27.25,,
Meerut,15469,Valid,H5,22,Fell,1861-01-01T00:00:00.000,29.01667,77.8,Point,77.8,29.01667,,
Meester-Cornelis,15470,Valid,H5,24750,Fell,1915-01-01T00:00:00.000,-6.23333,106.88333,Point,106.88333,-6.23333,,
Menow,15485,Valid,H4,10500,Fell,1862-01-01T00:00:00.000,53.18333,13.15,Point,13.15,53.18333,,
Menziswyl,15486,Valid,L5,28.9,Fell,1903-01-01T00:00:00.000,46.81867,7.21817,Point,7.21817,46.81867,,
Mern,15489,Valid,L6,4000,Fell,1878-01-01T00:00:00.000,55.05,12.06667,Point,12.06667,55.05,,
Meru,15491,Valid,LL6,6000,Fell,1945-01-01T00:00:00.000,0,37.66667,Point,37.66667,0,,
Merua,15492,Valid,H5,71400,Fell,1920-01-01T00:00:00.000,25.48333,81.98333,Point,81.98333,25.48333,,
Messina,15495,Valid,L5,2405,Fell,1955-01-01T00:00:00.000,38.18333,15.56667,Point,15.56667,38.18333,,
Meuselbach,16626,Valid,L6,870,Fell,1897-01-01T00:00:00.000,50.58333,11.1,Point,11.1,50.58333,,
Mezel,16627,Valid,L6,1300,Fell,1949-01-01T00:00:00.000,45.76667,3.25,Point,3.25,45.76667,,
Mezö-Madaras,16628,Valid,L3.7,22700,Fell,1852-01-01T00:00:00.000,46.5,25.73333,Point,25.73333,46.5,,
Mhow,16629,Valid,L6,350,Fell,1827-01-01T00:00:00.000,25.9,83.61667,Point,83.61667,25.9,,
Mianchi,16631,Valid,H5,1100,Fell,1980-01-01T00:00:00.000,34.8,111.7,Point,111.7,34.8,,
Middlesbrough,16632,Valid,L6,1600,Fell,1881-01-01T00:00:00.000,54.56667,-1.16667,Point,-1.16667,54.56667,,
Mifflin,52090,Valid,L5,3584,Fell,2010-01-01T00:00:00.000,42.9075,-90.36556,Point,-90.36556,42.9075,41,2996
Mighei,16634,Valid,CM2,8000,Fell,1889-01-01T00:00:00.000,48.06667,30.96667,Point,30.96667,48.06667,,
Mihonoseki,16635,Valid,L6,6380,Fell,1992-01-01T00:00:00.000,35.56833,133.22,Point,133.22,35.56833,,
Mike,16636,Valid,L6,224.2,Fell,1944-01-01T00:00:00.000,46.23333,17.53333,Point,17.53333,46.23333,,
Milena,16640,Valid,L6,10000,Fell,1842-01-01T00:00:00.000,46.18333,16.1,Point,16.1,46.18333,,
Millbillillie,16643,Valid,Eucrite-mmict,330000,Fell,1960-01-01T00:00:00.000,-26.45,120.36667,Point,120.36667,-26.45,,
Miller (Arkansas),16645,Valid,H5,16700,Fell,1930-01-01T00:00:00.000,35.4,-92.05,Point,-92.05,35.4,15,11
Minamino,16692,Valid,L,1040,Fell,1632-01-01T00:00:00.000,35.07833,136.93333,Point,136.93333,35.07833,,
Mineo,16696,Valid,Pallasite,42,Fell,1826-01-01T00:00:00.000,37.28333,14.7,Point,14.7,37.28333,,
Min-Fan-Zhun,16697,Valid,LL6,5500,Fell,1952-01-01T00:00:00.000,32.33333,120.66667,Point,120.66667,32.33333,,
Minnichhof,16700,Valid,OC,550,Fell,1905-01-01T00:00:00.000,47.7,16.6,Point,16.6,47.7,,
Mirzapur,16701,Valid,L5,8510,Fell,1910-01-01T00:00:00.000,25.68333,83.25,Point,83.25,25.68333,,
Misshof,16703,Valid,H5,5800,Fell,1890-01-01T00:00:00.000,56.66667,23,Point,23,56.66667,,
Mjelleim,16707,Valid,H,100.7,Fell,1898-01-01T00:00:00.000,61.73333,5.93333,Point,5.93333,61.73333,,
Mocs,16709,Valid,L5-6,300000,Fell,1882-01-01T00:00:00.000,46.8,24.03333,Point,24.03333,46.8,,
Modoc (1905),16711,Valid,L6,35000,Fell,1905-01-01T00:00:00.000,38.5,-101.1,Point,-101.1,38.5,17,1290
Mokoia,16713,Valid,CV3,4500,Fell,1908-01-01T00:00:00.000,-39.63333,174.4,Point,174.4,-39.63333,,
Molina,16715,Valid,H5,144000,Fell,1858-01-01T00:00:00.000,38.11667,-1.16667,Point,-1.16667,38.11667,,
Molteno,16717,Valid,Howardite,150,Fell,1953-01-01T00:00:00.000,-31.25,26.46667,Point,26.46667,-31.25,,
Monahans (1998),16719,Valid,H5,2587,Fell,1998-01-01T00:00:00.000,31.60833,-102.85833,Point,-102.85833,31.60833,23,2957
Monroe,16720,Valid,H4,8600,Fell,1849-01-01T00:00:00.000,35.25,-80.5,Point,-80.5,35.25,37,636
Monte das Fortes,16725,Valid,L5,4885,Fell,1950-01-01T00:00:00.000,38.01667,-8.25,Point,-8.25,38.01667,,
Monte Milone,16726,Valid,L5,3130,Fell,1846-01-01T00:00:00.000,43.26667,13.35,Point,13.35,43.26667,,
Montferré,16727,Valid,H5,149000,Fell,1923-01-01T00:00:00.000,43.39056,1.9625,Point,1.9625,43.39056,,
Montlivault,16729,Valid,L6,500,Fell,1838-01-01T00:00:00.000,47.63333,1.58333,Point,1.58333,47.63333,,
Monze,16733,Valid,L6,0,Fell,1950-01-01T00:00:00.000,-15.96667,27.35,Point,27.35,-15.96667,,
Moore County,16736,Valid,Eucrite-cm,1880,Fell,1913-01-01T00:00:00.000,35.41667,-79.38333,Point,-79.38333,35.41667,37,2431
Mooresfort,16737,Valid,H5,3520,Fell,1810-01-01T00:00:00.000,52.45,-8.33333,Point,-8.33333,52.45,,
Moorleah,16738,Valid,L6,8887.5,Fell,1930-01-01T00:00:00.000,-40.975,145.6,Point,145.6,-40.975,,
Moradabad,16740,Valid,L6,70,Fell,1808-01-01T00:00:00.000,28.78333,78.83333,Point,78.83333,28.78333,,
Morávka,16742,Valid,H5,633,Fell,2000-01-01T00:00:00.000,49.6,18.53333,Point,18.53333,49.6,,
Mornans,16747,Valid,H5,1300,Fell,1875-01-01T00:00:00.000,44.6,5.13333,Point,5.13333,44.6,,
Moss,36592,Valid,CO3.6,3763,Fell,2006-01-01T00:00:00.000,59.43333,10.7,Point,10.7,59.43333,,
Moti-ka-nagla,16759,Valid,H6,1500,Fell,1868-01-01T00:00:00.000,26.83333,77.33333,Point,77.33333,26.83333,,
Motta di Conti,16762,Valid,H4,9150,Fell,1868-01-01T00:00:00.000,45.2,8.5,Point,8.5,45.2,,
Mount Browne,16766,Valid,H6,11300,Fell,1902-01-01T00:00:00.000,-29.8,141.7,Point,141.7,-29.8,,
Mount Tazerzait,16804,Valid,L5,110000,Fell,1991-01-01T00:00:00.000,18.7,4.8,Point,4.8,18.7,,
Mount Vaisi,16805,Valid,Stone-uncl,17000,Fell,1637-01-01T00:00:00.000,44.08333,6.86667,Point,6.86667,44.08333,,
Mtola,16820,Valid,Stone-uncl,1100,Fell,1944-01-01T00:00:00.000,-11.5,33.5,Point,33.5,-11.5,,
Muddoor,16841,Valid,L5,4400,Fell,1865-01-01T00:00:00.000,12.63333,77.01667,Point,77.01667,12.63333,,
Mulletiwu,16851,Valid,L,25.5,Fell,1795-01-01T00:00:00.000,9.33333,80.83333,Point,80.83333,9.33333,,
Muraid,16874,Valid,L6,4703,Fell,1924-01-01T00:00:00.000,24.5,90.21667,Point,90.21667,24.5,,
Murchison,16875,Valid,CM2,100000,Fell,1969-01-01T00:00:00.000,-36.61667,145.2,Point,145.2,-36.61667,,
Murray,16882,Valid,CM2,12600,Fell,1950-01-01T00:00:00.000,36.6,-88.1,Point,-88.1,36.6,36,237
Muzaffarpur,16885,Valid,"Iron, IAB-sHL",1245,Fell,1964-01-01T00:00:00.000,26.13333,85.53333,Point,85.53333,26.13333,,
Myhee Caunta,16887,Valid,OC,0,Fell,1842-01-01T00:00:00.000,23.05,72.63333,Point,72.63333,23.05,,
Nadiabondi,16889,Valid,H5,8165,Fell,1956-01-01T00:00:00.000,12,1,Point,1,12,,
Nagai,16890,Valid,L6,1810,Fell,1922-01-01T00:00:00.000,38.12167,140.06167,Point,140.06167,38.12167,,
Nagaria,16892,Valid,Eucrite-cm,20,Fell,1875-01-01T00:00:00.000,26.98333,78.21667,Point,78.21667,26.98333,,
Nagy-Borové,16893,Valid,L5,6100,Fell,1895-01-01T00:00:00.000,49.16667,19.5,Point,19.5,49.16667,,
Nakhla,16898,Valid,Martian (nakhlite),10000,Fell,1911-01-01T00:00:00.000,31.31667,30.35,Point,30.35,31.31667,,
Nakhon Pathom,16899,Valid,L6,23200,Fell,1923-01-01T00:00:00.000,13.73333,100.08333,Point,100.08333,13.73333,,
Nammianthal,16902,Valid,H5,4500,Fell,1886-01-01T00:00:00.000,12.28333,79.2,Point,79.2,12.28333,,
Nan Yang Pao,16903,Valid,L6,52900,Fell,1917-01-01T00:00:00.000,35.66667,103.5,Point,103.5,35.66667,,
Nanjemoy,16904,Valid,H6,7500,Fell,1825-01-01T00:00:00.000,38.41667,-77.16667,Point,-77.16667,38.41667,45,419
Nantong,16907,Valid,H6,529,Fell,1984-01-01T00:00:00.000,32.11667,121.8,Point,121.8,32.11667,,
Naoki,16908,Valid,H6,17000,Fell,1928-01-01T00:00:00.000,19.25,77,Point,77,19.25,,
Naragh,16909,Valid,H6,2700,Fell,1974-01-01T00:00:00.000,33.75,51.5,Point,51.5,33.75,,
Narellan,16912,Valid,L6,367.5,Fell,1928-01-01T00:00:00.000,-34.05,150.68889,Point,150.68889,-34.05,,
Narni,16914,Valid,Stone-uncl,0,Fell,0921-01-01T00:00:00.000,42.51667,12.51667,Point,12.51667,42.51667,,
Nassirah,16922,Valid,H4,347,Fell,1936-01-01T00:00:00.000,-21.73333,165.9,Point,165.9,-21.73333,,
Natal,16923,Valid,Stone-uncl,1.4,Fell,1973-01-01T00:00:00.000,,,,,,,
Nawapali,16927,Valid,CM2,105,Fell,1890-01-01T00:00:00.000,21.25,83.66667,Point,83.66667,21.25,,
Neagari,16934,Valid,L6,420,Fell,1995-01-01T00:00:00.000,36.44917,136.46528,Point,136.46528,36.44917,,
Nedagolla,16935,Valid,"Iron, ungrouped",4500,Fell,1870-01-01T00:00:00.000,18.68333,83.48333,Point,83.48333,18.68333,,
Nejo,16941,Valid,L6,2450,Fell,1970-01-01T00:00:00.000,9.5,35.33333,Point,35.33333,9.5,,
Nerft,16945,Valid,L6,10250,Fell,1864-01-01T00:00:00.000,56.5,21.5,Point,21.5,56.5,,
Neuschwanstein,16950,Valid,EL6,6189,Fell,2002-01-01T00:00:00.000,47.525,10.80833,Point,10.80833,47.525,,
New Concord,16953,Valid,L6,230000,Fell,1860-01-01T00:00:00.000,40,-81.76667,Point,-81.76667,40,38,2615
New Halfa,16954,Valid,L4,12000,Fell,1994-01-01T00:00:00.000,15.36667,35.68333,Point,35.68333,15.36667,,
New Orleans,16960,Valid,H5,19256,Fell,2003-01-01T00:00:00.000,29.94718,-90.10976,Point,-90.10976,29.94718,22,1667
Ngawi,16966,Valid,LL3.6,1393,Fell,1883-01-01T00:00:00.000,-7.45,111.41667,Point,111.41667,-7.45,,
N'Goureyma,16968,Valid,"Iron, ungrouped",37500,Fell,1900-01-01T00:00:00.000,13.85,-4.38333,Point,-4.38333,13.85,,
Nicorps,16970,Valid,Stone-uncl,0,Fell,1750-01-01T00:00:00.000,49.03333,-1.43333,Point,-1.43333,49.03333,,
Niger (L6),16974,Valid,L6,3.3,Fell,1967-01-01T00:00:00.000,,,,,,,
Niger (LL6),16975,Valid,LL6,3.3,Fell,1967-01-01T00:00:00.000,,,,,,,
Nikolaevka,16976,Valid,H4,3996,Fell,1935-01-01T00:00:00.000,52.45,78.63333,Point,78.63333,52.45,,
Nikolskoe,16977,Valid,L4,6000,Fell,1954-01-01T00:00:00.000,56.11667,37.33333,Point,37.33333,56.11667,,
Ningbo,16980,Valid,"Iron, IVA",14250,Fell,1975-01-01T00:00:00.000,29.86667,121.48333,Point,121.48333,29.86667,,
Ningqiang,16981,Valid,C3-ung,4610,Fell,1983-01-01T00:00:00.000,32.925,105.90667,Point,105.90667,32.925,,
Nio,16982,Valid,H3-4,467,Fell,1897-01-01T00:00:00.000,34.2,131.56667,Point,131.56667,34.2,,
N'Kandhla,16983,Valid,"Iron, IID",17200,Fell,1912-01-01T00:00:00.000,-28.56667,30.7,Point,30.7,-28.56667,,
Nobleborough,16984,Valid,Eucrite-pmict,2300,Fell,1823-01-01T00:00:00.000,44.08333,-69.48333,Point,-69.48333,44.08333,49,1683
Noblesville,16985,Valid,H4-6,483.7,Fell,1991-01-01T00:00:00.000,40.08528,-86.055,Point,-86.055,40.08528,35,2238
Nogata,16988,Valid,L6,472,Fell,0861-01-01T00:00:00.000,33.725,130.75,Point,130.75,33.725,,
Nogoya,16989,Valid,CM2,4000,Fell,1879-01-01T00:00:00.000,-32.36667,-59.83333,Point,-59.83333,-32.36667,,
Norfork,16994,Valid,"Iron, IIIAB",1050,Fell,1918-01-01T00:00:00.000,36.21667,-92.26667,Point,-92.26667,36.21667,15,10
Norton County,17922,Valid,Aubrite,1100000,Fell,1948-01-01T00:00:00.000,39.68333,-99.86667,Point,-99.86667,39.68333,17,1252
Noventa Vicentina,17930,Valid,H4,177,Fell,1971-01-01T00:00:00.000,45.29167,11.52722,Point,11.52722,45.29167,,
Novo-Urei,17933,Valid,Ureilite,1900,Fell,1886-01-01T00:00:00.000,54.81667,46,Point,46,54.81667,,
Novy-Ergi,17934,Valid,Stone-uncl,0,Fell,1662-01-01T00:00:00.000,58.55,31.33333,Point,31.33333,58.55,,
Novy-Projekt,17935,Valid,OC,1001,Fell,1908-01-01T00:00:00.000,56,22,Point,22,56,,
Noyan-Bogdo,17936,Valid,L6,250,Fell,1933-01-01T00:00:00.000,42.91667,102.46667,Point,102.46667,42.91667,,
Nuevo Mercurio,17938,Valid,H5,50000,Fell,1978-01-01T00:00:00.000,24.3,-102.13333,Point,-102.13333,24.3,,
Nulles,17959,Valid,H6,5000,Fell,1851-01-01T00:00:00.000,41.63333,0.75,Point,0.75,41.63333,,
Numakai,17960,Valid,H4,363,Fell,1925-01-01T00:00:00.000,43.33333,141.86667,Point,141.86667,43.33333,,
Nyaung,17969,Valid,"Iron, IIIAB",737.6,Fell,1939-01-01T00:00:00.000,21.20833,94.91667,Point,94.91667,21.20833,,
Nyirábrany,17970,Valid,LL5,1100,Fell,1914-01-01T00:00:00.000,47.55,22.025,Point,22.025,47.55,,
Ochansk,17979,Valid,H4,500000,Fell,1887-01-01T00:00:00.000,57.78333,55.26667,Point,55.26667,57.78333,,
Oesede,17988,Valid,H5,1400,Fell,1927-01-01T00:00:00.000,52.28333,8.05,Point,8.05,52.28333,,
Oesel,17989,Valid,L6,6000,Fell,1855-01-01T00:00:00.000,58.5,23,Point,23,58.5,,
Ofehértó,17990,Valid,L6,3750,Fell,1900-01-01T00:00:00.000,47.88333,22.03333,Point,22.03333,47.88333,,
Ogi,17994,Valid,H6,14360,Fell,1741-01-01T00:00:00.000,33.28333,130.2,Point,130.2,33.28333,,
Ohaba,17995,Valid,H5,16250,Fell,1857-01-01T00:00:00.000,46.06667,23.58333,Point,23.58333,46.06667,,
Ohuma,17996,Valid,L5,7700,Fell,1963-01-01T00:00:00.000,6.75,8.5,Point,8.5,6.75,,
Ojuelos Altos,17997,Valid,L6,5850,Fell,1926-01-01T00:00:00.000,38.18333,-5.4,Point,-5.4,38.18333,,
Okabe,17998,Valid,H5,194,Fell,1958-01-01T00:00:00.000,36.18333,139.21667,Point,139.21667,36.18333,,
Okano,18000,Valid,"Iron, IIAB",4742,Fell,1904-01-01T00:00:00.000,35.08333,135.2,Point,135.2,35.08333,,
Okniny,18002,Valid,LL6,12000,Fell,1834-01-01T00:00:00.000,50.83333,25.5,Point,25.5,50.83333,,
Oldenburg (1930),18009,Valid,L6,16570,Fell,1930-01-01T00:00:00.000,52.95,8.16667,Point,8.16667,52.95,,
Oliva-Gandia,18012,Valid,Stone-uncl,0,Fell,1520-01-01T00:00:00.000,39,-0.03333,Point,-0.03333,39,,
Olivenza,18013,Valid,LL5,150000,Fell,1924-01-01T00:00:00.000,38.71667,-7.06667,Point,-7.06667,38.71667,,
Olmedilla de Alarcón,18015,Valid,H5,40000,Fell,1929-01-01T00:00:00.000,39.56667,-2.1,Point,-2.1,39.56667,,
Omolon,18019,Valid,"Pallasite, PMG",250000,Fell,1981-01-01T00:00:00.000,64.02,161.80833,Point,161.80833,64.02,,
Orgueil,18026,Valid,CI1,14000,Fell,1864-01-01T00:00:00.000,43.88333,1.38333,Point,1.38333,43.88333,,
Orlando,34489,Valid,Eucrite,180,Fell,2004-01-01T00:00:00.000,28.5475,-81.36222,Point,-81.36222,28.5475,30,1078
Ornans,18030,Valid,CO3.4,6000,Fell,1868-01-01T00:00:00.000,47.11667,6.15,Point,6.15,47.11667,,
Ortenau,18033,Valid,Stone-uncl,4500,Fell,1671-01-01T00:00:00.000,48.5,8,Point,8,48.5,,
Orvinio,18034,Valid,H6,3400,Fell,1872-01-01T00:00:00.000,42.13333,12.93333,Point,12.93333,42.13333,,
Oterøy,18042,Valid,L6,246,Fell,1928-01-01T00:00:00.000,58.88333,9.4,Point,9.4,58.88333,,
Otomi,18045,Valid,H,6510,Fell,1867-01-01T00:00:00.000,38.4,140.35,Point,140.35,38.4,,
Ottawa,18046,Valid,LL6,840,Fell,1896-01-01T00:00:00.000,38.6,-95.21667,Point,-95.21667,38.6,17,1947
Ouadangou,56729,Valid,L5,4440,Fell,2003-01-01T00:00:00.000,12.9,0.08,Point,0.08,12.9,,
Oued el Hadjar,18050,Valid,LL6,1215.5,Fell,1986-01-01T00:00:00.000,30.18,-6.57717,Point,-6.57717,30.18,,
Oum Dreyga,31282,Valid,H3-5,17000,Fell,2003-01-01T00:00:00.000,24.3,-13.1,Point,-13.1,24.3,,
Ourique,18052,Valid,H4,20000,Fell,1998-01-01T00:00:00.000,37.60833,-8.28,Point,-8.28,37.60833,,
Ovambo,18055,Valid,L6,121.5,Fell,1900-01-01T00:00:00.000,-18,16,Point,16,-18,,
Oviedo,18058,Valid,H5,205,Fell,1856-01-01T00:00:00.000,43.4,-5.86667,Point,-5.86667,43.4,,
Owrucz,18062,Valid,OC,0,Fell,1775-01-01T00:00:00.000,51.33333,28.83333,Point,28.83333,51.33333,,
Pacula,18068,Valid,L6,3400,Fell,1881-01-01T00:00:00.000,21.05,-99.3,Point,-99.3,21.05,,
Padvarninkai,18069,Valid,Eucrite-mmict,3858,Fell,1929-01-01T00:00:00.000,55.66667,25,Point,25,55.66667,,
Paitan,18072,Valid,H6,515,Fell,1910-01-01T00:00:00.000,17.74333,120.45583,Point,120.45583,17.74333,,
Palahatchie,18073,Valid,OC,0,Fell,1910-01-01T00:00:00.000,32.31667,-89.71667,Point,-89.71667,32.31667,32,503
Palca de Aparzo,18074,Valid,L5,1430,Fell,1988-01-01T00:00:00.000,-23.11667,-65.1,Point,-65.1,-23.11667,,
Palinshih,18077,Valid,Iron,18000,Fell,1914-01-01T00:00:00.000,43.48333,118.61667,Point,118.61667,43.48333,,
Palmyra,18079,Valid,L3,135,Fell,1926-01-01T00:00:00.000,39.8,-91.5,Point,-91.5,39.8,18,2122
Palolo Valley,18082,Valid,H5,682,Fell,1949-01-01T00:00:00.000,21.3,-157.78333,Point,-157.78333,21.3,4,1657
Dominion Range 03239,32591,Valid,L6,69.5,Found,2002-01-01T00:00:00.000,,,,,,,
Pampanga,18093,Valid,L5,10500,Fell,1859-01-01T00:00:00.000,15.08333,120.7,Point,120.7,15.08333,,
Pantar,18098,Valid,H5,2130,Fell,1938-01-01T00:00:00.000,8.06667,124.28333,Point,124.28333,8.06667,,
Paragould,18101,Valid,LL5,408000,Fell,1930-01-01T00:00:00.000,36.06667,-90.5,Point,-90.5,36.06667,15,1023
Parambu,18102,Valid,LL5,2000,Fell,1967-01-01T00:00:00.000,-6.23333,-40.7,Point,-40.7,-6.23333,,
Paranaiba,18103,Valid,L6,100000,Fell,1956-01-01T00:00:00.000,-19.13333,-51.66667,Point,-51.66667,-19.13333,,
Park Forest,18106,Valid,L5,18000,Fell,2003-01-01T00:00:00.000,41.48472,-87.67917,Point,-87.67917,41.48472,34,1863
Parnallee,18108,Valid,LL3.6,77600,Fell,1857-01-01T00:00:00.000,9.23333,78.35,Point,78.35,9.23333,,
Parsa,18109,Valid,EH3,800,Fell,1942-01-01T00:00:00.000,26.2,85.4,Point,85.4,26.2,,
Pasamonte,18110,Valid,Eucrite-pmict,5100,Fell,1933-01-01T00:00:00.000,36.21667,-103.4,Point,-103.4,36.21667,11,1994
Patora,18112,Valid,H6,4375,Fell,1969-01-01T00:00:00.000,20.93694,82.05,Point,82.05,20.93694,,
Patrimonio,18116,Valid,L6,2121,Fell,1950-01-01T00:00:00.000,-19.53333,-48.56667,Point,-48.56667,-19.53333,,
Patti,18118,Valid,Iron,12,Fell,1922-01-01T00:00:00.000,38.13333,14.96667,Point,14.96667,38.13333,,
Patwar,18171,Valid,Mesosiderite-A1,37350,Fell,1935-01-01T00:00:00.000,23.15,91.18333,Point,91.18333,23.15,,
Pavel,18173,Valid,H5,2968,Fell,1966-01-01T00:00:00.000,43.46667,25.51667,Point,25.51667,43.46667,,
Pavlodar (stone),18175,Valid,H5,142.5,Fell,1938-01-01T00:00:00.000,52.3,77.03333,Point,77.03333,52.3,,
Pavlograd,18176,Valid,L6,40000,Fell,1826-01-01T00:00:00.000,48.53333,35.98333,Point,35.98333,48.53333,,
Pavlovka,18177,Valid,Howardite,2000,Fell,1882-01-01T00:00:00.000,52.03333,43,Point,43,52.03333,,
Pê,18179,Valid,L6,0,Fell,1989-01-01T00:00:00.000,11.33367,-3.54217,Point,-3.54217,11.33367,,
Peace River,18180,Valid,L6,45760,Fell,1963-01-01T00:00:00.000,56.13333,-117.93333,Point,-117.93333,56.13333,,
Peckelsheim,18181,Valid,Diogenite-pm,117.8,Fell,1953-01-01T00:00:00.000,51.66667,9.25,Point,9.25,51.66667,,
Peekskill,18782,Valid,H6,12570,Fell,1992-01-01T00:00:00.000,41.28333,-73.91667,Point,-73.91667,41.28333,47,2185
Peña Blanca Spring,18786,Valid,Aubrite,70000,Fell,1946-01-01T00:00:00.000,30.125,-103.11667,Point,-103.11667,30.125,23,3062
Peramiho,18792,Valid,Eucrite-mmict,165,Fell,1899-01-01T00:00:00.000,-10.66667,35.5,Point,35.5,-10.66667,,
Perpeti,18793,Valid,L6,23474,Fell,1935-01-01T00:00:00.000,23.325,91,Point,91,23.325,,
Perth,18797,Valid,LL5,2,Fell,1830-01-01T00:00:00.000,56.4,-3.43333,Point,-3.43333,56.4,,
Pervomaisky,18798,Valid,L6,66000,Fell,1933-01-01T00:00:00.000,56.63333,39.43333,Point,39.43333,56.63333,,
Pesyanoe,18799,Valid,Aubrite,3393,Fell,1933-01-01T00:00:00.000,55.5,66.08333,Point,66.08333,55.5,,
Pétèlkolé,18800,Valid,H5,189,Fell,1995-01-01T00:00:00.000,14.052,0.42,Point,0.42,14.052,,
Petersburg,18801,Valid,Eucrite-pmict,1800,Fell,1855-01-01T00:00:00.000,35.3,-86.63333,Point,-86.63333,35.3,39,2017
Pettiswood,18804,Valid,Stone-uncl,0,Fell,1779-01-01T00:00:00.000,53.53333,-7.33333,Point,-7.33333,53.53333,,
Phillips County (stone),18808,Valid,L6,57900,Fell,1901-01-01T00:00:00.000,40,-99.25,Point,-99.25,40,17,1255
Phu Hong,18809,Valid,H4,500,Fell,1887-01-01T00:00:00.000,11.25,108.58333,Point,108.58333,11.25,,
Phum Sambo,18811,Valid,H4,7800,Fell,1933-01-01T00:00:00.000,12,105.48333,Point,105.48333,12,,
Phuoc-Binh,18812,Valid,L5,11000,Fell,1941-01-01T00:00:00.000,15.71667,108.1,Point,108.1,15.71667,,
Piancaldoli,18813,Valid,LL3.4,13.1,Fell,1968-01-01T00:00:00.000,44.24417,11.50222,Point,11.50222,44.24417,,
Picote,18816,Valid,Stone-uncl,0,Fell,1843-01-01T00:00:00.000,41.36667,-6.23333,Point,-6.23333,41.36667,,
Pillistfer,18822,Valid,EL6,23250,Fell,1863-01-01T00:00:00.000,58.66667,25.73333,Point,25.73333,58.66667,,
Piplia Kalan,18831,Valid,Eucrite-mmict,42000,Fell,1996-01-01T00:00:00.000,26.03472,73.94167,Point,73.94167,26.03472,,
Piquetberg,18832,Valid,H,37,Fell,1881-01-01T00:00:00.000,-32.86667,18.71667,Point,18.71667,-32.86667,,
Pirgunje,18834,Valid,L6,842,Fell,1882-01-01T00:00:00.000,25.8,88.45,Point,88.45,25.8,,
Pirthalla,18835,Valid,H6,1161,Fell,1884-01-01T00:00:00.000,29.58333,76,Point,76,29.58333,,
Pitts,18837,Valid,"Iron, IAB-ung",3760,Fell,1921-01-01T00:00:00.000,31.95,-83.51667,Point,-83.51667,31.95,31,207
Plantersville,18846,Valid,H6,2085,Fell,1930-01-01T00:00:00.000,30.7,-96.11667,Point,-96.11667,30.7,23,2018
Pleşcoi,51706,Valid,L5-6,6913,Fell,2008-01-01T00:00:00.000,45.275,26.70972,Point,26.70972,45.275,,
Ploschkovitz,18849,Valid,L5,39,Fell,1723-01-01T00:00:00.000,50.53333,14.11667,Point,14.11667,50.53333,,
Pnompehn,18851,Valid,L6,96,Fell,1868-01-01T00:00:00.000,11.58333,104.91667,Point,104.91667,11.58333,,
Dominion Range 03240,32592,Valid,LL5,290.9,Found,2002-01-01T00:00:00.000,,,,,,,
Pohlitz,18853,Valid,L5,3000,Fell,1819-01-01T00:00:00.000,50.93333,12.13333,Point,12.13333,50.93333,,
Pokhra,18858,Valid,H5,350,Fell,1866-01-01T00:00:00.000,26.71667,82.66667,Point,82.66667,26.71667,,
Pollen,18860,Valid,CM2,253.6,Fell,1942-01-01T00:00:00.000,66.34833,14.015,Point,14.015,66.34833,,
Pontlyfni,18865,Valid,Winonaite,157,Fell,1931-01-01T00:00:00.000,53.03639,-4.31944,Point,-4.31944,53.03639,,
Portales Valley,18874,Valid,H6,71400,Fell,1998-01-01T00:00:00.000,34.175,-103.295,Point,-103.295,34.175,11,1987
Portugal,18876,Valid,Stone-uncl,4500,Fell,1796-01-01T00:00:00.000,38.5,-8,Point,-8,38.5,,
Po-wang Chen,18879,Valid,LL,665,Fell,1933-01-01T00:00:00.000,31.41667,118.5,Point,118.5,31.41667,,
Prambachkirchen,18883,Valid,L6,2125,Fell,1932-01-01T00:00:00.000,48.3025,13.94083,Point,13.94083,48.3025,,
Pribram,18887,Valid,H5,5555,Fell,1959-01-01T00:00:00.000,49.66667,14.03333,Point,14.03333,49.66667,,
Pricetown,18888,Valid,L6,900,Fell,1893-01-01T00:00:00.000,39.11667,-83.85,Point,-83.85,39.11667,38,2566
Puerto Lápice,45984,Valid,Eucrite-br,500,Fell,2007-01-01T00:00:00.000,39.35,-3.51667,Point,-3.51667,39.35,,
Pulsora,18899,Valid,H5,560,Fell,1863-01-01T00:00:00.000,23.36667,75.18333,Point,75.18333,23.36667,,
Pultusk,18901,Valid,H5,250000,Fell,1868-01-01T00:00:00.000,52.76667,21.26667,Point,21.26667,52.76667,,
Punganaru,18902,Valid,Stone-uncl,100,Fell,1811-01-01T00:00:00.000,13.33333,78.95,Point,78.95,13.33333,,
Putinga,18905,Valid,L6,300000,Fell,1937-01-01T00:00:00.000,-29.03333,-53.05,Point,-53.05,-29.03333,,
Qidong,18907,Valid,L/LL5,1275,Fell,1982-01-01T00:00:00.000,32.08333,121.5,Point,121.5,32.08333,,
Qingzhen,18908,Valid,EH3,2600,Fell,1976-01-01T00:00:00.000,26.53333,106.46667,Point,106.46667,26.53333,,
Queen's Mercy,22357,Valid,H6,7000,Fell,1925-01-01T00:00:00.000,-30.11667,28.7,Point,28.7,-30.11667,,
Quenggouk,22358,Valid,H4,6045,Fell,1857-01-01T00:00:00.000,17.76667,95.18333,Point,95.18333,17.76667,,
Quesa,22360,Valid,"Iron, IAB-ung",10750,Fell,1898-01-01T00:00:00.000,39,-0.66667,Point,-0.66667,39,,
Quija,22361,Valid,H,17450,Fell,1990-01-01T00:00:00.000,44.61667,126.13333,Point,126.13333,44.61667,,
Quincay,22363,Valid,L6,65,Fell,1851-01-01T00:00:00.000,46.6,0.25,Point,0.25,46.6,,
Raco,22368,Valid,H5,5000,Fell,1957-01-01T00:00:00.000,-26.66667,-65.45,Point,-65.45,-26.66667,,
Raghunathpura,22371,Valid,"Iron, IIAB",10200,Fell,1986-01-01T00:00:00.000,27.72528,76.465,Point,76.465,27.72528,,
Rahimyar Khan,31302,Valid,L5,67225,Fell,1983-01-01T00:00:00.000,28.225,70.2,Point,70.2,28.225,,
Rakovka,22376,Valid,L6,9000,Fell,1878-01-01T00:00:00.000,52.98333,37.03333,Point,37.03333,52.98333,,
Ramnagar,22384,Valid,L6,3766,Fell,1940-01-01T00:00:00.000,26.45,82.9,Point,82.9,26.45,,
Rampurhat,22385,Valid,LL,100,Fell,1916-01-01T00:00:00.000,24.16667,87.76667,Point,87.76667,24.16667,,
Ramsdorf,22386,Valid,L6,4682,Fell,1958-01-01T00:00:00.000,51.88333,6.93333,Point,6.93333,51.88333,,
Ranchapur,22387,Valid,H4,290.4,Fell,1917-01-01T00:00:00.000,23.98333,87.08333,Point,87.08333,23.98333,,
Rancho de la Presa,22390,Valid,H5,300,Fell,1899-01-01T00:00:00.000,19.86667,-100.81667,Point,-100.81667,19.86667,,
Rangala,22392,Valid,L6,3224.5,Fell,1937-01-01T00:00:00.000,25.38333,72.01667,Point,72.01667,25.38333,,
Raoyang,22394,Valid,L6,4910,Fell,1919-01-01T00:00:00.000,38.2,115.7,Point,115.7,38.2,,
Ras Tanura,22395,Valid,H6,6.1,Fell,1961-01-01T00:00:00.000,26.66667,50.15,Point,50.15,26.66667,,
Rasgrad,22396,Valid,Stone-uncl,24700,Fell,1740-01-01T00:00:00.000,43.5,26.53333,Point,26.53333,43.5,,
Ratyn,22398,Valid,Stone-uncl,910,Fell,1880-01-01T00:00:00.000,52.2,17.98333,Point,17.98333,52.2,,
Red Canyon Lake,53502,Valid,H5,18.41,Fell,2007-01-01T00:00:00.000,38.13742,-119.75812,Point,-119.75812,38.13742,8,1391
Reliegos,22584,Valid,L5,17300,Fell,1947-01-01T00:00:00.000,42.475,-5.33333,Point,-5.33333,42.475,,
Rembang,22585,Valid,"Iron, IVA",10000,Fell,1919-01-01T00:00:00.000,-6.73333,111.36667,Point,111.36667,-6.73333,,
Renazzo,22586,Valid,CR2,1000,Fell,1824-01-01T00:00:00.000,44.76667,11.28333,Point,11.28333,44.76667,,
Renca,22587,Valid,L5,300,Fell,1925-01-01T00:00:00.000,-32.75,-65.28333,Point,-65.28333,-32.75,,
Renqiu,22589,Valid,L6,355,Fell,1916-01-01T00:00:00.000,38.66667,116.13333,Point,116.13333,38.66667,,
Repeev Khutor,22590,Valid,"Iron, IIF",7000,Fell,1933-01-01T00:00:00.000,48.6,45.66667,Point,45.66667,48.6,,
Revelstoke,22592,Valid,CI1,1,Fell,1965-01-01T00:00:00.000,51.33333,-118.95,Point,-118.95,51.33333,,
Rewari,22593,Valid,L6,3332,Fell,1929-01-01T00:00:00.000,28.2,76.66667,Point,76.66667,28.2,,
Rich Mountain,22597,Valid,L6,668,Fell,1903-01-01T00:00:00.000,35.03333,-83.03333,Point,-83.03333,35.03333,37,2388
Uzcudun,24140,Valid,L,20000,Fell,1948-01-01T00:00:00.000,-44.11667,-66.15,Point,-66.15,-44.11667,,
Richardton,22599,Valid,H5,90000,Fell,1918-01-01T00:00:00.000,46.88333,-102.31667,Point,-102.31667,46.88333,3,569
Richland Springs,22602,Valid,OC,1900,Fell,1980-01-01T00:00:00.000,31.25,-99.03333,Point,-99.03333,31.25,23,2885
Richmond,22603,Valid,LL5,1800,Fell,1828-01-01T00:00:00.000,37.46667,-77.5,Point,-77.5,37.46667,40,2764
Rio Negro,22611,Valid,L4,1310,Fell,1934-01-01T00:00:00.000,-26.1,-49.8,Point,-49.8,-26.1,,
Rivolta de Bassi,22614,Valid,Stone-uncl,103.3,Fell,1491-01-01T00:00:00.000,45.48333,9.51667,Point,9.51667,45.48333,,
Rochester,22637,Valid,H6,340,Fell,1876-01-01T00:00:00.000,41.08333,-86.28333,Point,-86.28333,41.08333,35,150
Rockhampton,22640,Valid,Stone-uncl,1641,Fell,1895-01-01T00:00:00.000,-23.38333,150.51667,Point,150.51667,-23.38333,,
Roda,22641,Valid,Diogenite,400,Fell,1871-01-01T00:00:00.000,42.3,0.55,Point,0.55,42.3,,
Rodach,22642,Valid,Stone-uncl,2900,Fell,1775-01-01T00:00:00.000,50.35,10.8,Point,10.8,50.35,,
Rose City,22766,Valid,H5,10600,Fell,1921-01-01T00:00:00.000,44.51667,-83.95,Point,-83.95,44.51667,50,361
Rowton,22773,Valid,"Iron, IIIAB",3500,Fell,1876-01-01T00:00:00.000,52.76667,-2.51667,Point,-2.51667,52.76667,,
Ruhobobo,22780,Valid,L6,465.5,Fell,1976-01-01T00:00:00.000,-1.45,29.83333,Point,29.83333,-1.45,,
Rumuruti,22782,Valid,R3.8-6,67,Fell,1934-01-01T00:00:00.000,0.26667,36.53333,Point,36.53333,0.26667,,
Rupota,22783,Valid,L4-6,6000,Fell,1949-01-01T00:00:00.000,-10.26667,38.76667,Point,38.76667,-10.26667,,
Ryechki,22791,Valid,L5,13000,Fell,1914-01-01T00:00:00.000,51.13333,34.5,Point,34.5,51.13333,,
Sabetmahet,22792,Valid,H5,1250,Fell,1855-01-01T00:00:00.000,27.43333,82.08333,Point,82.08333,27.43333,,
Sabrum,22793,Valid,LL6,478,Fell,1999-01-01T00:00:00.000,23.08333,91.66667,Point,91.66667,23.08333,,
Sagan,22796,Valid,Stone-uncl,0,Fell,1636-01-01T00:00:00.000,51.53333,14.88333,Point,14.88333,51.53333,,
Saint-Sauveur,23101,Valid,EH5,14000,Fell,1914-01-01T00:00:00.000,43.73333,1.38333,Point,1.38333,43.73333,,
Saint-Séverin,23102,Valid,LL6,271000,Fell,1966-01-01T00:00:00.000,45.3,0.23333,Point,0.23333,45.3,,
Sakauchi,23103,Valid,Iron,4180,Fell,1913-01-01T00:00:00.000,35.66667,136.3,Point,136.3,35.66667,,
Salem,23107,Valid,L6,61.4,Fell,1981-01-01T00:00:00.000,44.97917,-122.96944,Point,-122.96944,44.97917,12,2409
Salles,23111,Valid,L5,9000,Fell,1798-01-01T00:00:00.000,46.05,4.63333,Point,4.63333,46.05,,
Salzwedel,23114,Valid,LL5,43,Fell,1985-01-01T00:00:00.000,52.75,11.05,Point,11.05,52.75,,
Samelia,23115,Valid,"Iron, IIIAB",2462,Fell,1921-01-01T00:00:00.000,25.66667,74.86667,Point,74.86667,25.66667,,
San Juan Capistrano,23128,Valid,H6,56,Fell,1973-01-01T00:00:00.000,33.48472,-117.6625,Point,-117.6625,33.48472,8,1174
San Michele,31315,Valid,L6,237,Fell,2002-01-01T00:00:00.000,43.66667,13,Point,13,43.66667,,
San Pedro de Quiles,23130,Valid,L6,282,Fell,1956-01-01T00:00:00.000,-31.01667,-71.4,Point,-71.4,-31.01667,,
San Pedro Jacuaro,34063,Valid,LL6,460,Fell,1968-01-01T00:00:00.000,19.76667,-100.65,Point,-100.65,19.76667,,
Santa Barbara,23161,Valid,L4,400,Fell,1873-01-01T00:00:00.000,-29.2,-51.86667,Point,-51.86667,-29.2,,
Santa Cruz,23164,Valid,CM2,60,Fell,1939-01-01T00:00:00.000,24.16667,-99.33333,Point,-99.33333,24.16667,,
Santa Isabel,23165,Valid,L6,5500,Fell,1924-01-01T00:00:00.000,-33.9,-61.7,Point,-61.7,-33.9,,
Santa Lucia (2008),50909,Valid,L6,4000,Fell,2008-01-01T00:00:00.000,-31.535556,-68.489444,Point,-68.489444,-31.535556,,
São Jose do Rio Preto,23171,Valid,H4,927,Fell,1962-01-01T00:00:00.000,-20.81,-49.38056,Point,-49.38056,-20.81,,
Saratov,23176,Valid,L4,200000,Fell,1918-01-01T00:00:00.000,52.55,46.55,Point,46.55,52.55,,
Sasagase,23187,Valid,H,695,Fell,1688-01-01T00:00:00.000,34.71667,137.78333,Point,137.78333,34.71667,,
Sauguis,23188,Valid,L6,4000,Fell,1868-01-01T00:00:00.000,43.15,-0.85,Point,-0.85,43.15,,
Savtschenskoje,23190,Valid,LL4,2500,Fell,1894-01-01T00:00:00.000,47.21667,29.86667,Point,29.86667,47.21667,,
Sayama,23192,Valid,CM2,430,Fell,1986-01-01T00:00:00.000,35.86667,139.4,Point,139.4,35.86667,,
Sazovice,23455,Valid,L5,412,Fell,1934-01-01T00:00:00.000,49.23333,17.56667,Point,17.56667,49.23333,,
Schellin,23457,Valid,L,7000,Fell,1715-01-01T00:00:00.000,53.35,15.05,Point,15.05,53.35,,
Schenectady,23458,Valid,H5,283.3,Fell,1968-01-01T00:00:00.000,42.86083,-73.95028,Point,-73.95028,42.86083,47,2142
Schönenberg,23460,Valid,L6,8000,Fell,1846-01-01T00:00:00.000,48.11667,10.46667,Point,10.46667,48.11667,,
Searsmont,23472,Valid,H5,5400,Fell,1871-01-01T00:00:00.000,44.36667,-69.2,Point,-69.2,44.36667,49,1727
Sediköy,23473,Valid,L6,240,Fell,1917-01-01T00:00:00.000,38.3,27.13333,Point,27.13333,38.3,,
Segowlie,23476,Valid,LL6,6930,Fell,1853-01-01T00:00:00.000,26.75,84.78333,Point,84.78333,26.75,,
Selakopi,23481,Valid,H5,1590,Fell,1939-01-01T00:00:00.000,-7.23333,107.33333,Point,107.33333,-7.23333,,
Seldebourak,23483,Valid,H5,150,Fell,1947-01-01T00:00:00.000,22.83333,4.98333,Point,4.98333,22.83333,,
Semarkona,23487,Valid,LL3.00,691,Fell,1940-01-01T00:00:00.000,22.25,79,Point,79,22.25,,
Sena,23495,Valid,H4,4000,Fell,1773-01-01T00:00:00.000,41.71667,-0.05,Point,-0.05,41.71667,,
Senboku,23496,Valid,H6,866,Fell,1993-01-01T00:00:00.000,39.43833,140.51167,Point,140.51167,39.43833,,
Seoni,23500,Valid,H6,20000,Fell,1966-01-01T00:00:00.000,21.68389,79.50083,Point,79.50083,21.68389,,
Seres,23501,Valid,H4,8500,Fell,1818-01-01T00:00:00.000,41.05,23.56667,Point,23.56667,41.05,,
Serra de Magé,23502,Valid,Eucrite-cm,1800,Fell,1923-01-01T00:00:00.000,-8.38333,-36.76667,Point,-36.76667,-8.38333,,
Sete Lagoas,23504,Valid,H4,350,Fell,1908-01-01T00:00:00.000,-19.46667,-44.21667,Point,-44.21667,-19.46667,,
Sevilla,23508,Valid,LL4,180,Fell,1862-01-01T00:00:00.000,37.41667,-6,Point,-6,37.41667,,
Sevrukovo,23509,Valid,L5,101000,Fell,1874-01-01T00:00:00.000,50.61667,36.6,Point,36.6,50.61667,,
Sfax,23512,Valid,L6,7000,Fell,1989-01-01T00:00:00.000,34.75,10.71667,Point,10.71667,34.75,,
Shalka,23521,Valid,Diogenite,4000,Fell,1850-01-01T00:00:00.000,23.1,87.3,Point,87.3,23.1,,
Sharps,23525,Valid,H3.4,1265,Fell,1921-01-01T00:00:00.000,37.83333,-76.7,Point,-76.7,37.83333,40,921
Shelburne,23529,Valid,L5,18600,Fell,1904-01-01T00:00:00.000,44.05,-80.16667,Point,-80.16667,44.05,,
Shergotty,23530,Valid,Martian (shergottite),5000,Fell,1865-01-01T00:00:00.000,24.55,84.83333,Point,84.83333,24.55,,
Sheyang,23531,Valid,L6,605,Fell,1976-01-01T00:00:00.000,33.65,120.06667,Point,120.06667,33.65,,
Shikarpur,23534,Valid,L6,3679.7,Fell,1921-01-01T00:00:00.000,25.85,87.5775,Point,87.5775,25.85,,
Shuangyang,23582,Valid,H5,3900,Fell,1971-01-01T00:00:00.000,43.5,125.66667,Point,125.66667,43.5,,
Shupiyan,23583,Valid,H6,5000,Fell,1912-01-01T00:00:00.000,33.71667,74.83333,Point,74.83333,33.71667,,
Shytal,23584,Valid,L6,3200,Fell,1863-01-01T00:00:00.000,24.33333,90.16667,Point,90.16667,24.33333,,
Siena,23586,Valid,LL5,3700,Fell,1794-01-01T00:00:00.000,43.11667,11.6,Point,11.6,43.11667,,
Sikhote-Alin,23593,Valid,"Iron, IIAB",23000000,Fell,1947-01-01T00:00:00.000,46.16,134.65333,Point,134.65333,46.16,,
Silao,23594,Valid,H5,1710,Fell,1995-01-01T00:00:00.000,20.93333,-101.38333,Point,-101.38333,20.93333,,
Silistra,55584,Valid,Achondrite-ung,0.15,Fell,1917-01-01T00:00:00.000,44.11667,27.26667,Point,27.26667,44.11667,,
Simmern,23603,Valid,H5,1222,Fell,1920-01-01T00:00:00.000,49.98333,7.53333,Point,7.53333,49.98333,,
Sinai,23606,Valid,L6,1455,Fell,1916-01-01T00:00:00.000,30.9,32.48333,Point,32.48333,30.9,,
Sindhri,23611,Valid,H5,8400,Fell,1901-01-01T00:00:00.000,26.21667,69.55,Point,69.55,26.21667,,
Sinnai,23613,Valid,H6,2000,Fell,1956-01-01T00:00:00.000,39.3,9.2,Point,9.2,39.3,,
Sioux County,23614,Valid,Eucrite-mmict,4100,Fell,1933-01-01T00:00:00.000,42.58333,-103.66667,Point,-103.66667,42.58333,19,2351
Sitathali,23616,Valid,H5,1600,Fell,1875-01-01T00:00:00.000,20.91667,82.58333,Point,82.58333,20.91667,,
Sivas,23617,Valid,H6,40000,Fell,1989-01-01T00:00:00.000,39.82467,36.13583,Point,36.13583,39.82467,,
Sixiangkou,23619,Valid,L5,630,Fell,1989-01-01T00:00:00.000,32.43333,119.86667,Point,119.86667,32.43333,,
Ski,23621,Valid,L6,850,Fell,1848-01-01T00:00:00.000,59.73333,10.86667,Point,10.86667,59.73333,,
Slavetic,23626,Valid,H5,1708,Fell,1868-01-01T00:00:00.000,45.68333,15.6,Point,15.6,45.68333,,
Slobodka,23645,Valid,L4,2750,Fell,1818-01-01T00:00:00.000,55,35,Point,35,55,,
Soheria,23660,Valid,OC,72.9,Fell,1960-01-01T00:00:00.000,27.13333,84.06667,Point,84.06667,27.13333,,
Soko-Banja,23661,Valid,LL4,80000,Fell,1877-01-01T00:00:00.000,43.66667,21.86667,Point,21.86667,43.66667,,
Sologne,23663,Valid,H5,54,Fell,1860-01-01T00:00:00.000,47.36667,1.73333,Point,1.73333,47.36667,,
Sołtmany,53829,Valid,L6,1066,Fell,2011-01-01T00:00:00.000,54.00883,22.005,Point,22.005,54.00883,,
Sone,23667,Valid,H5,17100,Fell,1866-01-01T00:00:00.000,35.16667,135.33333,Point,135.33333,35.16667,,
Songyuan,23668,Valid,L6,36900,Fell,1993-01-01T00:00:00.000,45.25,125,Point,125,45.25,,
Sopot,23670,Valid,OC,958,Fell,1927-01-01T00:00:00.000,44.41667,23.5,Point,23.5,44.41667,,
Soroti,23671,Valid,"Iron, ungrouped",2050,Fell,1945-01-01T00:00:00.000,1.7,33.63333,Point,33.63333,1.7,,
St. Caprais-de-Quinsac,23081,Valid,L6,360,Fell,1883-01-01T00:00:00.000,44.75,0.05,Point,0.05,44.75,,
St. Christophe-la-Chartreuse,23082,Valid,L6,5500,Fell,1841-01-01T00:00:00.000,46.95,-1.5,Point,-1.5,46.95,,
St. Denis Westrem,23083,Valid,L6,700,Fell,1855-01-01T00:00:00.000,51.05,3.75,Point,3.75,51.05,,
St. Germain-du-Pinel,23087,Valid,H6,4000,Fell,1890-01-01T00:00:00.000,48.01667,-1.15,Point,-1.15,48.01667,,
St. Louis,23089,Valid,H4,1000,Fell,1950-01-01T00:00:00.000,38.7,-90.23333,Point,-90.23333,38.7,18,2223
St. Mark's,23090,Valid,EH5,13780,Fell,1903-01-01T00:00:00.000,-32.01667,27.41667,Point,27.41667,-32.01667,,
St. Mary's County,23091,Valid,LL3.3,24.3,Fell,1919-01-01T00:00:00.000,38.16667,-76.38333,Point,-76.38333,38.16667,45,424
St. Mesmin,23092,Valid,LL6,8300,Fell,1866-01-01T00:00:00.000,48.45,3.93333,Point,3.93333,48.45,,
St. Michel,23093,Valid,L6,17000,Fell,1910-01-01T00:00:00.000,61.65,27.2,Point,27.2,61.65,,
St.-Chinian,23097,Valid,L6,134.3,Fell,1959-01-01T00:00:00.000,43.43333,2.95,Point,2.95,43.43333,,
Ställdalen,23712,Valid,H5,34000,Fell,1876-01-01T00:00:00.000,59.93333,14.95,Point,14.95,59.93333,,
Stannern,23713,Valid,Eucrite-mmict,52000,Fell,1808-01-01T00:00:00.000,49.28333,15.56667,Point,15.56667,49.28333,,
Stavropol,23717,Valid,L6,1500,Fell,1857-01-01T00:00:00.000,45.05,41.98333,Point,41.98333,45.05,,
Ste. Marguerite,23099,Valid,H4,4960,Fell,1962-01-01T00:00:00.000,50.76667,3,Point,3,50.76667,,
Sterlitamak,23724,Valid,"Iron, IIIAB",325000,Fell,1990-01-01T00:00:00.000,53.66667,55.98333,Point,55.98333,53.66667,,
Stolzenau,23726,Valid,Stone-uncl,0,Fell,1647-01-01T00:00:00.000,52.53333,9.05,Point,9.05,52.53333,,
Stratford,23728,Valid,L6,50,Fell,1974-01-01T00:00:00.000,41.2,-73.13333,Point,-73.13333,41.2,24,1040
Strathmore,23729,Valid,L6,13400,Fell,1917-01-01T00:00:00.000,56.58333,-3.25,Point,-3.25,56.58333,,
Stretchleigh,23732,Valid,Stone-uncl,10400,Fell,1623-01-01T00:00:00.000,50.38333,-3.95,Point,-3.95,50.38333,,
St-Robert,23733,Valid,H5,25400,Fell,1994-01-01T00:00:00.000,45.96861,-72.97806,Point,-72.97806,45.96861,,
Success,23736,Valid,L6,3500,Fell,1924-01-01T00:00:00.000,36.48333,-90.66667,Point,-90.66667,36.48333,15,955
Suchy Dul,23737,Valid,L6,815.3,Fell,1969-01-01T00:00:00.000,50.53806,16.26333,Point,16.26333,50.53806,,
Suizhou,23738,Valid,L6,260000,Fell,1986-01-01T00:00:00.000,31.61667,113.46667,Point,113.46667,31.61667,,
Sulagiri,48951,Valid,LL6,110000,Fell,2008-01-01T00:00:00.000,12.66667,78.03333,Point,78.03333,12.66667,,
Sultanpur,23741,Valid,L/LL6,1710.5,Fell,1916-01-01T00:00:00.000,25.93333,84.28333,Point,84.28333,25.93333,,
Sungach,23745,Valid,H5,637,Fell,1935-01-01T00:00:00.000,44.86667,133.16667,Point,133.16667,44.86667,,
Supuhee,23760,Valid,H6,7235,Fell,1865-01-01T00:00:00.000,26.71667,84.21667,Point,84.21667,26.71667,,
Sutter's Mill,55529,Valid,C,992.5,Fell,2012-01-01T00:00:00.000,38.80389,-120.90806,Point,-120.90806,38.80389,8,1187
Sylacauga,23773,Valid,H4,5560,Fell,1954-01-01T00:00:00.000,33.18836,-86.2945,Point,-86.2945,33.18836,29,1637
Tabor,23776,Valid,H5,7540,Fell,1753-01-01T00:00:00.000,49.4,14.65,Point,14.65,49.4,,
Tadjera,23778,Valid,L5,9000,Fell,1867-01-01T00:00:00.000,36.18333,5.41667,Point,5.41667,36.18333,,
Tagish Lake,23782,Valid,C2-ung,10000,Fell,2000-01-01T00:00:00.000,59.70444,-134.20139,Point,-134.20139,59.70444,,
Tahara,23784,Valid,H4/5,1000,Fell,1991-01-01T00:00:00.000,34.72,137.305,Point,137.305,34.72,,
Takenouchi,23789,Valid,H5,720,Fell,1880-01-01T00:00:00.000,35.38333,134.9,Point,134.9,35.38333,,
Talampaya,23791,Valid,Eucrite-cm,1421,Fell,1995-01-01T00:00:00.000,,,,,,,
Tambakwatu,23795,Valid,L6,10500,Fell,1975-01-01T00:00:00.000,-7.75,112.76667,Point,112.76667,-7.75,,
Tamdakht,48691,Valid,H5,100000,Fell,2008-01-01T00:00:00.000,31.16333,-7.015,Point,-7.015,31.16333,,
Tané,23801,Valid,L5,905,Fell,1918-01-01T00:00:00.000,35.43333,136.23333,Point,136.23333,35.43333,,
Taonan,23873,Valid,L5,3850,Fell,1965-01-01T00:00:00.000,45.4,122.9,Point,122.9,45.4,,
Tatahouine,23884,Valid,Diogenite,12000,Fell,1931-01-01T00:00:00.000,32.95,10.41667,Point,10.41667,32.95,,
Tathlith,23885,Valid,L6,2500,Fell,1967-01-01T00:00:00.000,19.38333,43.73333,Point,43.73333,19.38333,,
Tauk,23887,Valid,L6,6000,Fell,1929-01-01T00:00:00.000,35.13333,44.45,Point,44.45,35.13333,,
Tauti,23888,Valid,L6,21000,Fell,1937-01-01T00:00:00.000,46.71667,23.5,Point,23.5,46.71667,,
Tenham,23897,Valid,L6,160000,Fell,1879-01-01T00:00:00.000,-25.73333,142.95,Point,142.95,-25.73333,,
Tennasilm,23898,Valid,L4,28500,Fell,1872-01-01T00:00:00.000,58.03333,26.95,Point,26.95,58.03333,,
Thal,23908,Valid,H6,342,Fell,1950-01-01T00:00:00.000,33.4,70.6,Point,70.6,33.4,,
Thika,54493,Valid,L6,14200,Fell,2011-01-01T00:00:00.000,-1.00278,37.15028,Point,37.15028,-1.00278,,
Thuathe,23976,Valid,H4/5,45300,Fell,2002-01-01T00:00:00.000,-29.33333,27.58333,Point,27.58333,-29.33333,,
Tianzhang,23984,Valid,H5,2232,Fell,1986-01-01T00:00:00.000,32.94667,118.99,Point,118.99,32.94667,,
Tieschitz,23989,Valid,H/L3.6,28000,Fell,1878-01-01T00:00:00.000,49.6,17.11667,Point,17.11667,49.6,,
Tilden,23998,Valid,L6,74800,Fell,1927-01-01T00:00:00.000,38.2,-89.68333,Point,-89.68333,38.2,34,1762
Tillaberi,23999,Valid,L6,3000,Fell,1970-01-01T00:00:00.000,14.25,1.53333,Point,1.53333,14.25,,
Timochin,24004,Valid,H5,65500,Fell,1807-01-01T00:00:00.000,54.5,35.2,Point,35.2,54.5,,
Tirupati,24009,Valid,H6,230,Fell,1934-01-01T00:00:00.000,13.63333,79.41667,Point,79.41667,13.63333,,
Tissint,54823,Valid,Martian (shergottite),7000,Fell,2011-01-01T00:00:00.000,29.48195,-7.61123,Point,-7.61123,29.48195,,
Tjabe,24011,Valid,H6,20000,Fell,1869-01-01T00:00:00.000,-7.08333,111.53333,Point,111.53333,-7.08333,,
Tjerebon,24012,Valid,L5,16500,Fell,1922-01-01T00:00:00.000,-6.66667,106.58333,Point,106.58333,-6.66667,,
Tomakovka,24019,Valid,LL6,600,Fell,1905-01-01T00:00:00.000,47.85,34.76667,Point,34.76667,47.85,,
